HUC12,EventId,Cruise,Program,Project,Agency,Source,Station,SampleDate,SampleTime,TotalDepth,UpperPycnocline,LowerPycnocline,Depth,Layer,SampleType,SampleReplicateType,Parameter,Qualifier,MeasureValue,Unit,Method,Lab,Problem,PrecisionPC,BiasPC,Details,Latitude,Longitude,TierLevel,Place
20600050506,400459,BAY635,SWM,CMON,MDDNR,MDDNR,XFG4618,10/30/2014,9:25:00,2.8,,,2,B ,D,S1,TDN,,,MG/L,L01 ,CBL,RR,,,,38.74323,-76.30338,T3,Harris Creek-Coptank River
20600050506,400459,BAY635,SWM,CMON,MDDNR,MDDNR,XFG4618,10/30/2014,9:25:00,2.8,,,1,S ,D,S1,TDN,,,MG/L,L01 ,CBL,RR,,,,38.74323,-76.30338,T3,Harris Creek-Coptank River
20600050506,400503,BAY636,SWM,CMON,MDDNR,MDDNR,XFG4618,11/13/2014,10:45:00,2.6,,,2,B ,D,S1,TDN,,,MG/L,L01 ,CBL,RR,,,,38.74323,-76.30338,T3,Harris Creek-Coptank River
20600050506,400503,BAY636,SWM,CMON,MDDNR,MDDNR,XFG4618,11/13/2014,10:45:00,2.6,,,1,S ,D,S1,TDN,,,MG/L,L01 ,CBL,RR,,,,38.74323,-76.30338,T3,Harris Creek-Coptank River
20600050506,412530,BAY639,SWM,CMON,MDDNR,MDDNR,XFG4618,12/16/2014,9:45:00,2.7,,,2,B ,D,S1,TDN,,,MG/L,L01 ,CBL,RR,,,,38.74323,-76.30338,T3,Harris Creek-Coptank River
20600050506,412530,BAY639,SWM,CMON,MDDNR,MDDNR,XFG4618,12/16/2014,9:45:00,2.7,,,1,S ,D,S1,TDN,,,MG/L,L01 ,CBL,RR,,,,38.74323,-76.30338,T3,Harris Creek-Coptank River
20600050506,400457,BAY635,SWM,CMON,MDDNR,MDDNR,XFG2810,10/30/2014,11:15:00,3.2,,,2.9,BS,D,S1,TDN,,0.46,MG/L,L01 ,CBL,,,,,38.71252,-76.3168,T3,Harris Creek-Coptank River
20600050506,400502,BAY636,SWM,CMON,MDDNR,MDDNR,XFG2810,11/13/2014,9:30:00,3.1,,,2.8,BS,D,S1,TDN,,0.31,MG/L,L01 ,CBL,,,,,38.71252,-76.3168,T3,Harris Creek-Coptank River
20600050506,400591,BAY648,SWM,CMON,MDDNR,MDDNR,XFG2810,5/14/2015,10:15:00,3,,,2.7,BS,D,S1,TDN,,0.73,MG/L,L01 ,CBL,,,,,38.71252,-76.3168,T3,Harris Creek-Coptank River
20600050506,400592,BAY649,SWM,CMON,MDDNR,MDDNR,XFG2810,5/28/2015,8:00:00,2.9,,,2.6,BS,D,S1,TDN,,0.6,MG/L,L01 ,CBL,,,,,38.71252,-76.3168,T3,Harris Creek-Coptank River
20600050506,400644,BAY650,SWM,CMON,MDDNR,MDDNR,XFG2810,6/9/2015,9:30:00,3.4,,,3.1,BS,D,S1,TDN,,0.67,MG/L,L01 ,CBL,,,,,38.71252,-76.3168,T3,Harris Creek-Coptank River
20600050506,400645,BAY651,SWM,CMON,MDDNR,MDDNR,XFG2810,6/25/2015,9:00:00,3.4,,,3.1,BS,D,S1,TDN,,0.59,MG/L,L01 ,CBL,,,,,38.71252,-76.3168,T3,Harris Creek-Coptank River
20600050506,400698,BAY652,SWM,CMON,MDDNR,MDDNR,XFG2810,7/13/2015,8:30:00,3.2,,,2.9,BS,D,S1,TDN,,0.48,MG/L,L01 ,CBL,,,,,38.71252,-76.3168,T3,Harris Creek-Coptank River
20600050506,400699,BAY653,SWM,CMON,MDDNR,MDDNR,XFG2810,7/27/2015,9:30:00,3.8,,,3.5,BS,D,S1,TDN,,0.5,MG/L,L01 ,CBL,,,,,38.71252,-76.3168,T3,Harris Creek-Coptank River
20600050506,400748,BAY646,SWM,CMON,MDDNR,MDDNR,XFG2810,4/2/2015,8:00:00,3.2,,,2.9,BS,D,S1,TDN,,0.53,MG/L,L01 ,CBL,,,,,38.71252,-76.3168,T3,Harris Creek-Coptank River
20600050506,400749,BAY647,SWM,CMON,MDDNR,MDDNR,XFG2810,4/23/2015,9:45:00,3.2,,,2.9,BS,D,S1,TDN,,0.64,MG/L,L01 ,CBL,,,,,38.71252,-76.3168,T3,Harris Creek-Coptank River
20600050506,400795,BAY654,SWM,CMON,MDDNR,MDDNR,XFG2810,8/10/2015,9:30:00,3.5,,,3.2,BS,D,S1,TDN,,0.45,MG/L,L01 ,CBL,,,,,38.71252,-76.3168,T3,Harris Creek-Coptank River
20600050506,400796,BAY655,SWM,CMON,MDDNR,MDDNR,XFG2810,8/24/2015,8:15:00,3.2,,,2.9,BS,D,S1,TDN,,0.62,MG/L,L01 ,CBL,,,,,38.71252,-76.3168,T3,Harris Creek-Coptank River
20600050506,400858,BAY656,SWM,CMON,MDDNR,MDDNR,XFG2810,9/8/2015,8:45:00,3.5,,,3.2,BS,D,S1,TDN,,0.53,MG/L,L01 ,CBL,,,,,38.71252,-76.3168,T3,Harris Creek-Coptank River
20600050506,400859,BAY657,SWM,CMON,MDDNR,MDDNR,XFG2810,9/22/2015,8:00:00,3.9,,,3.6,BS,D,S1,TDN,,0.47,MG/L,L01 ,CBL,,,,,38.71252,-76.3168,T3,Harris Creek-Coptank River
20600050506,400913,BAY658,SWM,CMON,MDDNR,MDDNR,XFG2810,10/8/2015,10:30:00,3.8,,,3.5,BS,D,S1,TDN,,0.45,MG/L,L01 ,CBL,,,,,38.71252,-76.3168,T3,Harris Creek-Coptank River
20600050506,412529,BAY639,SWM,CMON,MDDNR,MDDNR,XFG2810,12/16/2014,11:00:00,3.7,,,3.4,BS,D,S1,TDN,,0.32,MG/L,L01 ,CBL,,,,,38.71252,-76.3168,T3,Harris Creek-Coptank River
20600050506,414555,BAY660,SWM,CMON,MDDNR,MDDNR,XFG2810,11/2/2015,10:30:00,2.9,,,2.6,BS,D,S1,TDN,,0.49,MG/L,L01 ,CBL,,,,,38.71252,-76.3168,T3,Harris Creek-Coptank River
20600050506,414575,BAY662,SWM,CMON,MDDNR,MDDNR,XFG2810,12/1/2015,11:00:00,3,,,2.7,BS,D,S1,TDN,,0.38,MG/L,L01 ,CBL,,,,,38.71252,-76.3168,T3,Harris Creek-Coptank River
20600050506,420621,BAY664,SWM,CMON,MDDNR,MDDNR,XFG2810,1/7/2016,10:00:00,3,,,2.7,BS,D,S1,TDN,,0.48,MG/L,L01 ,CBL,,,,,38.71252,-76.3168,T3,Harris Creek-Coptank River
20600050506,420637,BAY668,SWM,CMON,MDDNR,MDDNR,XFG2810,3/1/2016,10:15:00,3.3,,,3,BS,D,S1,TDN,,0.49,MG/L,L01 ,CBL,,,,,38.71252,-76.3168,T3,Harris Creek-Coptank River
20600050506,420658,BAY671,SWM,CMON,MDDNR,MDDNR,XFG2810,4/19/2016,8:45:00,3.1,,,2.8,BS,D,S1,TDN,,0.56,MG/L,L01 ,CBL,,,,,38.71252,-76.3168,T3,Harris Creek-Coptank River
20600050506,421921,BAY676,SWM,CMON,MDDNR,MDDNR,XFG2810,7/11/2016,9:30:00,3.5,,,3.2,BS,D,S1,TDN,,0.58,MG/L,L01 ,CBL,,,,,38.71252,-76.3168,T3,Harris Creek-Coptank River
20600050506,421922,BAY677,SWM,CMON,MDDNR,MDDNR,XFG2810,7/21/2016,8:15:00,3.5,,,3.2,BS,D,S1,TDN,,0.91,MG/L,L01 ,CBL,,,,,38.71252,-76.3168,T3,Harris Creek-Coptank River
20600050506,422180,BAY672,SWM,CMON,MDDNR,MDDNR,XFG2810,5/2/2016,9:00:00,3.1,,,2.8,BS,D,S1,TDN,,0.53,MG/L,L01 ,CBL,,,,,38.71252,-76.3168,T3,Harris Creek-Coptank River
20600050506,422181,BAY673,SWM,CMON,MDDNR,MDDNR,XFG2810,5/16/2016,8:45:00,2.8,,,2.5,BS,D,S1,TDN,,0.56,MG/L,L01 ,CBL,,,,,38.71252,-76.3168,T3,Harris Creek-Coptank River
20600050506,422182,BAY673,SWM,CMON,MDDNR,MDDNR,XFG2810,5/31/2016,8:15:00,3.1,,,2.8,BS,D,S1,TDN,,0.58,MG/L,L01 ,CBL,,,,,38.71252,-76.3168,T3,Harris Creek-Coptank River
20600050506,422238,BAY674,SWM,CMON,MDDNR,MDDNR,XFG2810,6/14/2016,9:45:00,3.2,,,2.9,BS,D,S1,TDN,,0.48,MG/L,L01 ,CBL,,,,,38.71252,-76.3168,T3,Harris Creek-Coptank River
20600050506,422239,BAY675,SWM,CMON,MDDNR,MDDNR,XFG2810,6/28/2016,9:45:00,3.6,,,3.3,BS,D,S1,TDN,,0.64,MG/L,L01 ,CBL,,,,,38.71252,-76.3168,T3,Harris Creek-Coptank River
20600050506,425764,BAY678,SWM,CMON,MDDNR,MDDNR,XFG2810,8/11/2016,8:45:00,3.4,,,3.1,BS,D,S1,TDN,,0.64,MG/L,L01 ,CBL,,,,,38.71252,-76.3168,T3,Harris Creek-Coptank River
20600050506,425765,BAY679,SWM,CMON,MDDNR,MDDNR,XFG2810,8/23/2016,8:00:00,4.3,,,4,BS,D,S1,TDN,,0.54,MG/L,L01 ,CBL,,,,,38.71252,-76.3168,T3,Harris Creek-Coptank River
20600050506,425808,BAY686,SWM,CMON,MDDNR,MDDNR,XFG2810,12/8/2016,9:00:00,3.8,,,3.5,BS,D,S1,TDN,,0.34,MG/L,L01 ,CBL,,,,,38.71252,-76.3168,T3,Harris Creek-Coptank River
20600050506,425823,BAY685,SWM,CMON,MDDNR,MDDNR,XFG2810,11/15/2016,10:00:00,3,,,2.7,BS,D,S1,TDN,,0.5,MG/L,L01 ,CBL,,,,,38.71252,-76.3168,T3,Harris Creek-Coptank River
20600050506,425848,BAY682,SWM,CMON,MDDNR,MDDNR,XFG2810,10/3/2016,8:30:00,3.8,,,3.5,BS,D,S1,TDN,,0.61,MG/L,L01 ,CBL,,,,,38.71252,-76.3168,T3,Harris Creek-Coptank River
20600050506,425849,BAY683,SWM,CMON,MDDNR,MDDNR,XFG2810,10/25/2016,9:15:00,3.1,,,2.8,BS,D,S1,TDN,,0.43,MG/L,L01 ,CBL,,,,,38.71252,-76.3168,T3,Harris Creek-Coptank River
20600050506,427161,BAY680,SWM,CMON,MDDNR,MDDNR,XFG2810,9/6/2016,8:30:00,3.8,,,3.5,BS,D,S1,TDN,,0.57,MG/L,L01 ,CBL,,,,,38.71252,-76.3168,T3,Harris Creek-Coptank River
20600050506,447466,BAY692,SWM,CMON,MDDNR,MDDNR,XFG2810,3/8/2017,10:45:00,3.5,,,3.2,BS,D,S1,TDN,,0.48,MG/L,L01 ,CBL,,,,,38.71252,-76.3168,T3,Harris Creek-Coptank River
20600050506,447487,BAY694,SWM,CMON,MDDNR,MDDNR,XFG2810,4/4/2017,7:15:00,3.4,,,3.1,BS,D,S1,TDN,,0.37,MG/L,L01 ,CBL,,,,,38.71252,-76.3168,T3,Harris Creek-Coptank River
20600050506,400461,BAY635,SWM,CMON,MDDNR,MDDNR,XFG6431,10/30/2014,8:45:00,3.8,,,3.5,BS,D,S1,TDN,,0.59,MG/L,L01 ,CBL,,,,,38.77315,-76.2823,T3,Harris Creek-Coptank River
20600050506,400504,BAY636,SWM,CMON,MDDNR,MDDNR,XFG6431,11/13/2014,10:00:00,3.1,,,2.8,BS,D,S1,TDN,,0.33,MG/L,L01 ,CBL,,,,,38.77315,-76.2823,T3,Harris Creek-Coptank River
20600050506,400595,BAY648,SWM,CMON,MDDNR,MDDNR,XFG6431,5/5/2015,8:30:00,3.7,,,3.4,BS,D,S1,TDN,,0.51,MG/L,L01 ,CBL,,,,,38.77315,-76.2823,T3,Harris Creek-Coptank River
20600050506,400596,BAY648,SWM,CMON,MDDNR,MDDNR,XFG6431,5/14/2015,9:30:00,2.7,,,2.4,BS,D,S1,TDN,,0.84,MG/L,L01 ,CBL,,,,,38.77315,-76.2823,T3,Harris Creek-Coptank River
20600050506,400597,BAY649,SWM,CMON,MDDNR,MDDNR,XFG6431,5/28/2015,10:45:00,3.1,,,2.8,BS,D,S1,TDN,,0.5,MG/L,L01 ,CBL,,,,,38.77315,-76.2823,T3,Harris Creek-Coptank River
20600050506,400648,BAY650,SWM,CMON,MDDNR,MDDNR,XFG6431,6/9/2015,8:15:00,3.7,,,3.4,BS,D,S1,TDN,,0.58,MG/L,L01 ,CBL,,,,,38.77315,-76.2823,T3,Harris Creek-Coptank River
20600050506,400649,BAY651,SWM,CMON,MDDNR,MDDNR,XFG6431,6/25/2015,9:30:00,3.6,,,3.3,BS,D,S1,TDN,,0.49,MG/L,L01 ,CBL,,,,,38.77315,-76.2823,T3,Harris Creek-Coptank River
20600050506,400702,BAY652,SWM,CMON,MDDNR,MDDNR,XFG6431,7/13/2015,9:15:00,3.6,,,3.3,BS,D,S1,TDN,,0.52,MG/L,L01 ,CBL,,,,,38.77315,-76.2823,T3,Harris Creek-Coptank River
20600050506,400703,BAY653,SWM,CMON,MDDNR,MDDNR,XFG6431,7/27/2015,10:15:00,3.4,,,3.1,BS,D,S1,TDN,,0.53,MG/L,L01 ,CBL,,,,,38.77315,-76.2823,T3,Harris Creek-Coptank River
20600050506,400752,BAY646,SWM,CMON,MDDNR,MDDNR,XFG6431,4/2/2015,9:30:00,3.1,,,2.8,BS,D,S1,TDN,,0.52,MG/L,L01 ,CBL,,,,,38.77315,-76.2823,T3,Harris Creek-Coptank River
20600050506,400799,BAY654,SWM,CMON,MDDNR,MDDNR,XFG6431,8/10/2015,10:15:00,3.5,,,3.2,BS,D,S1,TDN,,0.48,MG/L,L01 ,CBL,,,,,38.77315,-76.2823,T3,Harris Creek-Coptank River
20600050506,400800,BAY655,SWM,CMON,MDDNR,MDDNR,XFG6431,8/24/2015,9:00:00,3.2,,,2.9,BS,D,S1,TDN,,0.56,MG/L,L01 ,CBL,,,,,38.77315,-76.2823,T3,Harris Creek-Coptank River
20600050506,400862,BAY656,SWM,CMON,MDDNR,MDDNR,XFG6431,9/8/2015,9:30:00,3.5,,,3.2,BS,D,S1,TDN,,0.51,MG/L,L01 ,CBL,,,,,38.77315,-76.2823,T3,Harris Creek-Coptank River
20600050506,400863,BAY657,SWM,CMON,MDDNR,MDDNR,XFG6431,9/22/2015,8:30:00,3.2,,,2.9,BS,D,S1,TDN,,0.64,MG/L,L01 ,CBL,,,,,38.77315,-76.2823,T3,Harris Creek-Coptank River
20600050506,400914,BAY658,SWM,CMON,MDDNR,MDDNR,XFG6431,10/8/2015,11:15:00,3.8,,,3.5,BS,D,S1,TDN,,0.6,MG/L,L01 ,CBL,,,,,38.77315,-76.2823,T3,Harris Creek-Coptank River
20600050506,412531,BAY639,SWM,CMON,MDDNR,MDDNR,XFG6431,12/16/2014,9:15:00,4.1,,,3.8,BS,D,S1,TDN,,0.42,MG/L,L01 ,CBL,,,,,38.77315,-76.2823,T3,Harris Creek-Coptank River
20600050506,414556,BAY660,SWM,CMON,MDDNR,MDDNR,XFG6431,11/2/2015,11:30:00,2.6,,,2.3,BS,D,S1,TDN,,0.44,MG/L,L01 ,CBL,,,,,38.77315,-76.2823,T3,Harris Creek-Coptank River
20600050506,414576,BAY662,SWM,CMON,MDDNR,MDDNR,XFG6431,12/1/2015,11:45:00,3,,,2.7,BS,D,S1,TDN,,0.33,MG/L,L01 ,CBL,,,,,38.77315,-76.2823,T3,Harris Creek-Coptank River
20600050506,420622,BAY664,SWM,CMON,MDDNR,MDDNR,XFG6431,1/7/2016,9:15:00,2.8,,,2.5,BS,D,S1,TDN,,0.5,MG/L,L01 ,CBL,,,,,38.77315,-76.2823,T3,Harris Creek-Coptank River
20600050506,420638,BAY668,SWM,CMON,MDDNR,MDDNR,XFG6431,3/1/2016,10:45:00,3.5,,,3.2,BS,D,S1,TDN,,0.32,MG/L,L01 ,CBL,,,,,38.77315,-76.2823,T3,Harris Creek-Coptank River
20600050506,420660,BAY671,SWM,CMON,MDDNR,MDDNR,XFG6431,4/19/2016,10:15:00,3.3,,,3,BS,D,S1,TDN,,0.42,MG/L,L01 ,CBL,,,,,38.77315,-76.2823,T3,Harris Creek-Coptank River
20600050506,421925,BAY676,SWM,CMON,MDDNR,MDDNR,XFG6431,7/11/2016,11:00:00,3.3,,,3,BS,D,S1,TDN,,0.64,MG/L,L01 ,CBL,,,,,38.77315,-76.2823,T3,Harris Creek-Coptank River
20600050506,421926,BAY677,SWM,CMON,MDDNR,MDDNR,XFG6431,7/21/2016,9:45:00,3.5,,,3.2,BS,D,S1,TDN,,0.57,MG/L,L01 ,CBL,,,,,38.77315,-76.2823,T3,Harris Creek-Coptank River
20600050506,422186,BAY672,SWM,CMON,MDDNR,MDDNR,XFG6431,5/2/2016,10:15:00,3.3,,,3,BS,D,S1,TDN,,0.37,MG/L,L01 ,CBL,,,,,38.77315,-76.2823,T3,Harris Creek-Coptank River
20600050506,447488,BAY695,SWM,CMON,MDDNR,MDDNR,XFG2810,4/27/2017,8:15:00,3.3,,,3,BS,D,S1,TDN,,0.54,MG/L,L01 ,CBL,,,,,38.71252,-76.3168,T3,Harris Creek-Coptank River
20600050506,447537,BAY698,SWM,CMON,MDDNR,MDDNR,XFG2810,6/1/2017,8:00:00,3.4,,,3.1,BS,D,S1,TDN,,0.51,MG/L,L01 ,CBL,,,,,38.71252,-76.3168,T3,Harris Creek-Coptank River
20600050506,447538,BAY699,SWM,CMON,MDDNR,MDDNR,XFG2810,6/22/2017,8:30:00,3,,,2.7,BS,D,S1,TDN,,0.53,MG/L,L01 ,CBL,,,,,38.71252,-76.3168,T3,Harris Creek-Coptank River
20600050506,447591,BAY703,SWM,CMON,MDDNR,MDDNR,XFG2810,8/17/2017,9:30:00,3.8,,,3.5,BS,D,S1,TDN,,0.52,MG/L,L01 ,CBL,,,,,38.71252,-76.3168,T3,Harris Creek-Coptank River
20600050506,447592,BAY703,SWM,CMON,MDDNR,MDDNR,XFG2810,8/30/2017,10:15:00,3.5,,,3.2,BS,D,S1,TDN,,0.42,MG/L,L01 ,CBL,,,,,38.71252,-76.3168,T3,Harris Creek-Coptank River
20600050506,447649,BAY700,SWM,CMON,MDDNR,MDDNR,XFG2810,7/13/2017,8:30:00,3.2,,,2.9,BS,D,S1,TDN,,0.51,MG/L,L01 ,CBL,,,,,38.71252,-76.3168,T3,Harris Creek-Coptank River
20600050506,447650,BAY701,SWM,CMON,MDDNR,MDDNR,XFG2810,7/27/2017,7:15:00,3.9,,,3.6,BS,D,S1,TDN,,0.53,MG/L,L01 ,CBL,,,,,38.71252,-76.3168,T3,Harris Creek-Coptank River
20600050506,447742,BAY706,SWM,CMON,MDDNR,MDDNR,XFG2810,10/11/2017,7:30:00,3.2,,,2.9,BS,D,S1,TDN,,0.51,MG/L,L01 ,CBL,,,,,38.71252,-76.3168,T3,Harris Creek-Coptank River
20600050506,447743,BAY707,SWM,CMON,MDDNR,MDDNR,XFG2810,10/31/2017,9:00:00,3.1,,,2.8,BS,D,S1,TDN,,0.45,MG/L,L01 ,CBL,,,,,38.71252,-76.3168,T3,Harris Creek-Coptank River
20600050506,447795,BAY704,SWM,CMON,MDDNR,MDDNR,XFG2810,9/12/2017,8:45:00,3.6,,,3.3,BS,D,S1,TDN,,0.32,MG/L,L01 ,CBL,,,,,38.71252,-76.3168,T3,Harris Creek-Coptank River
20600050506,447796,BAY705,SWM,CMON,MDDNR,MDDNR,XFG2810,9/27/2017,7:30:00,3.5,,,3.2,BS,D,S1,TDN,,0.36,MG/L,L01 ,CBL,,,,,38.71252,-76.3168,T3,Harris Creek-Coptank River
20600050506,447846,BAY697,SWM,CMON,MDDNR,MDDNR,XFG2810,5/18/2017,8:30:00,3.3,,,3,BS,D,S1,TDN,,0.54,MG/L,L01 ,CBL,,,,,38.71252,-76.3168,T3,Harris Creek-Coptank River
20600050506,422187,BAY673,SWM,CMON,MDDNR,MDDNR,XFG6431,5/16/2016,10:00:00,3.2,,,2.9,BS,D,S1,TDN,,0.45,MG/L,L01 ,CBL,,,,,38.77315,-76.2823,T3,Harris Creek-Coptank River
20600050506,422188,BAY673,SWM,CMON,MDDNR,MDDNR,XFG6431,5/31/2016,9:30:00,3.7,,,3.4,BS,D,S1,TDN,,0.45,MG/L,L01 ,CBL,,,,,38.77315,-76.2823,T3,Harris Creek-Coptank River
20600050506,422242,BAY674,SWM,CMON,MDDNR,MDDNR,XFG6431,6/14/2016,8:30:00,3.3,,,3,BS,D,S1,TDN,,0.5,MG/L,L01 ,CBL,,,,,38.77315,-76.2823,T3,Harris Creek-Coptank River
20600050506,422243,BAY675,SWM,CMON,MDDNR,MDDNR,XFG6431,6/28/2016,8:30:00,4,,,3.7,BS,D,S1,TDN,,0.71,MG/L,L01 ,CBL,,,,,38.77315,-76.2823,T3,Harris Creek-Coptank River
20600050506,425766,BAY678,SWM,CMON,MDDNR,MDDNR,XFG6431,8/11/2016,9:30:00,3.4,,,3.1,BS,D,S1,TDN,,0.63,MG/L,L01 ,CBL,,,,,38.77315,-76.2823,T3,Harris Creek-Coptank River
20600050506,425767,BAY679,SWM,CMON,MDDNR,MDDNR,XFG6431,8/23/2016,8:30:00,3.7,,,3.4,BS,D,S1,TDN,,0.79,MG/L,L01 ,CBL,,,,,38.77315,-76.2823,T3,Harris Creek-Coptank River
20600050506,425810,BAY686,SWM,CMON,MDDNR,MDDNR,XFG6431,12/8/2016,10:30:00,3.6,,,3.3,BS,D,S1,TDN,,0.34,MG/L,L01 ,CBL,,,,,38.77315,-76.2823,T3,Harris Creek-Coptank River
20600050506,425825,BAY685,SWM,CMON,MDDNR,MDDNR,XFG6431,11/15/2016,11:30:00,2.7,,,2.4,BS,D,S1,TDN,,0.45,MG/L,L01 ,CBL,,,,,38.77315,-76.2823,T3,Harris Creek-Coptank River
20600050506,425851,BAY683,SWM,CMON,MDDNR,MDDNR,XFG6431,10/25/2016,8:30:00,3,,,2.7,BS,D,S1,TDN,,0.59,MG/L,L01 ,CBL,,,,,38.77315,-76.2823,T3,Harris Creek-Coptank River
20600050506,427164,BAY680,SWM,CMON,MDDNR,MDDNR,XFG6431,9/6/2016,9:15:00,3.7,,,3.4,BS,D,S1,TDN,,0.55,MG/L,L01 ,CBL,,,,,38.77315,-76.2823,T3,Harris Creek-Coptank River
20600050506,427165,BAY681,SWM,CMON,MDDNR,MDDNR,XFG6431,9/28/2016,9:30:00,4.3,,,4,BS,D,S1,TDN,,0.77,MG/L,L01 ,CBL,,,,,38.77315,-76.2823,T3,Harris Creek-Coptank River
20600050506,447468,BAY692,SWM,CMON,MDDNR,MDDNR,XFG6431,3/8/2017,11:30:00,3.5,,,3.2,BS,D,S1,TDN,,0.37,MG/L,L01 ,CBL,,,,,38.77315,-76.2823,T3,Harris Creek-Coptank River
20600050506,447491,BAY694,SWM,CMON,MDDNR,MDDNR,XFG6431,4/4/2017,8:45:00,4.3,,,4,BS,D,S1,TDN,,0.33,MG/L,L01 ,CBL,,,,,38.77315,-76.2823,T3,Harris Creek-Coptank River
20600050506,447492,BAY695,SWM,CMON,MDDNR,MDDNR,XFG6431,4/27/2017,9:15:00,3.7,,,3.4,BS,D,S1,TDN,,0.46,MG/L,L01 ,CBL,,,,,38.77315,-76.2823,T3,Harris Creek-Coptank River
20600050506,447541,BAY698,SWM,CMON,MDDNR,MDDNR,XFG6431,6/1/2017,8:45:00,4.2,,,3.9,BS,D,S1,TDN,,0.49,MG/L,L01 ,CBL,,,,,38.77315,-76.2823,T3,Harris Creek-Coptank River
20600050506,447542,BAY699,SWM,CMON,MDDNR,MDDNR,XFG6431,6/22/2017,9:15:00,3.6,,,3.3,BS,D,S1,TDN,,0.48,MG/L,L01 ,CBL,,,,,38.77315,-76.2823,T3,Harris Creek-Coptank River
20600050506,447595,BAY703,SWM,CMON,MDDNR,MDDNR,XFG6431,8/17/2017,10:15:00,4.7,,,4.4,BS,D,S1,TDN,,0.5,MG/L,L01 ,CBL,,,,,38.77315,-76.2823,T3,Harris Creek-Coptank River
20600050506,447596,BAY703,SWM,CMON,MDDNR,MDDNR,XFG6431,8/30/2017,8:45:00,3.5,,,3.2,BS,D,S1,TDN,,0.54,MG/L,L01 ,CBL,,,,,38.77315,-76.2823,T3,Harris Creek-Coptank River
20600050506,447653,BAY700,SWM,CMON,MDDNR,MDDNR,XFG6431,7/13/2017,9:15:00,3.9,,,3.6,BS,D,S1,TDN,,0.64,MG/L,L01 ,CBL,,,,,38.77315,-76.2823,T3,Harris Creek-Coptank River
20600050506,447654,BAY701,SWM,CMON,MDDNR,MDDNR,XFG6431,7/27/2017,8:15:00,4.6,,,4.3,BS,D,S1,TDN,,0.67,MG/L,L01 ,CBL,,,,,38.77315,-76.2823,T3,Harris Creek-Coptank River
20600050506,447685,BAY711,SWM,CMON,MDDNR,MDDNR,XFG2810,12/19/2017,12:00:00,3,,,2.7,BS,D,S1,TDN,,0.47,MG/L,L01 ,CBL,,,,,38.71252,-76.3168,T3,Harris Creek-Coptank River
20600050506,447687,BAY711,SWM,CMON,MDDNR,MDDNR,XFG6431,12/19/2017,13:30:00,3.2,,,2.9,BS,D,S1,TDN,,0.4,MG/L,L01 ,CBL,,,,,38.77315,-76.2823,T3,Harris Creek-Coptank River
20600050506,447701,BAY708,SWM,CMON,MDDNR,MDDNR,XFG2810,11/14/2017,12:00:00,3.3,,,3,BS,D,S1,TDN,,0.36,MG/L,L01 ,CBL,,,,,38.71252,-76.3168,T3,Harris Creek-Coptank River
20600050506,447703,BAY708,SWM,CMON,MDDNR,MDDNR,XFG6431,11/14/2017,11:00:00,3.4,,,3.1,BS,D,S1,TDN,,0.49,MG/L,L01 ,CBL,,,,,38.77315,-76.2823,T3,Harris Creek-Coptank River
20600050506,447746,BAY706,SWM,CMON,MDDNR,MDDNR,XFG6431,10/11/2017,9:00:00,3.8,,,3.5,BS,D,S1,TDN,,0.55,MG/L,L01 ,CBL,,,,,38.77315,-76.2823,T3,Harris Creek-Coptank River
20600050506,447747,BAY707,SWM,CMON,MDDNR,MDDNR,XFG6431,10/31/2017,8:00:00,3.2,,,2.9,BS,D,S1,TDN,,0.57,MG/L,L01 ,CBL,,,,,38.77315,-76.2823,T3,Harris Creek-Coptank River
20600050506,447799,BAY704,SWM,CMON,MDDNR,MDDNR,XFG6431,9/12/2017,9:30:00,3.7,,,3.4,BS,D,S1,TDN,,0.41,MG/L,L01 ,CBL,,,,,38.77315,-76.2823,T3,Harris Creek-Coptank River
20600050506,447800,BAY705,SWM,CMON,MDDNR,MDDNR,XFG6431,9/27/2017,8:45:00,3.6,,,3.3,BS,D,S1,TDN,,0.48,MG/L,L01 ,CBL,,,,,38.77315,-76.2823,T3,Harris Creek-Coptank River
20600050506,447848,BAY697,SWM,CMON,MDDNR,MDDNR,XFG6431,5/18/2017,10:00:00,3.6,,,3.3,BS,D,S1,TDN,,0.4,MG/L,L01 ,CBL,,,,,38.77315,-76.2823,T3,Harris Creek-Coptank River
20600050506,448902,BAY717,SWM,CMON,MDDNR,MDDNR,XFG2810,3/29/2018,9:45:00,3.6,,,3.3,BS,D,S1,TDN,,0.5,MG/L,L01 ,CBL,,,,,38.71252,-76.3168,T3,Harris Creek-Coptank River
20600050506,448904,BAY717,SWM,CMON,MDDNR,MDDNR,XFG6431,3/29/2018,10:30:00,3.5,,,3.2,BS,D,S1,TDN,,0.34,MG/L,L01 ,CBL,,,,,38.77315,-76.2823,T3,Harris Creek-Coptank River
20600050506,448932,BAY719,SWM,CMON,MDDNR,MDDNR,XFG2810,4/24/2018,8:45:00,3.6,,,3.3,BS,D,S1,TDN,,0.44,MG/L,L01 ,CBL,,,,,38.71252,-76.3168,T3,Harris Creek-Coptank River
20600050506,448934,BAY719,SWM,CMON,MDDNR,MDDNR,XFG6431,4/24/2018,9:45:00,4,,,3.7,BS,D,S1,TDN,,0.41,MG/L,L01 ,CBL,,,,,38.77315,-76.2823,T3,Harris Creek-Coptank River
20600050506,448973,BAY720,SWM,CMON,MDDNR,MDDNR,XFG2810,5/7/2018,9:45:00,3.4,,,3.1,BS,D,S1,TDN,,0.54,MG/L,L01 ,CBL,,,,,38.71252,-76.3168,T3,Harris Creek-Coptank River
20600050506,448974,BAY721,SWM,CMON,MDDNR,MDDNR,XFG2810,5/23/2018,8:00:00,3.5,,,3.2,BS,D,S1,TDN,,0.74,MG/L,L01 ,CBL,,,,,38.71252,-76.3168,T3,Harris Creek-Coptank River
20600050506,448977,BAY720,SWM,CMON,MDDNR,MDDNR,XFG6431,5/7/2018,8:45:00,3.7,,,3.4,BS,D,S1,TDN,,,MG/L,L01 ,CBL,RR,,,,38.77315,-76.2823,T3,Harris Creek-Coptank River
20600050506,448978,BAY721,SWM,CMON,MDDNR,MDDNR,XFG6431,5/23/2018,8:45:00,3.7,,,3.4,BS,D,S1,TDN,,0.64,MG/L,L01 ,CBL,,,,,38.77315,-76.2823,T3,Harris Creek-Coptank River
20600050506,450809,BAY728,SWM,CMON,MDDNR,MDDNR,XFG2810,9/4/2018,8:30:00,3.7,,,3.4,BS,D,S1,TDN,,0.65,MG/L,L01 ,CBL,,,,,38.71252,-76.3168,T3,Harris Creek-Coptank River
20600050506,450810,BAY729,SWM,CMON,MDDNR,MDDNR,XFG2810,9/27/2018,10:00:00,3.5,,,3.2,BS,D,S1,TDN,,0.63,MG/L,L01 ,CBL,,,,,38.71252,-76.3168,T3,Harris Creek-Coptank River
20600050506,450813,BAY728,SWM,CMON,MDDNR,MDDNR,XFG6431,9/4/2018,9:15:00,3.4,,,3.1,BS,D,S1,TDN,,0.69,MG/L,L01 ,CBL,,,,,38.77315,-76.2823,T3,Harris Creek-Coptank River
20600050506,450814,BAY729,SWM,CMON,MDDNR,MDDNR,XFG6431,9/27/2018,8:45:00,3.1,,,2.8,BS,D,S1,TDN,,0.68,MG/L,L01 ,CBL,,,,,38.77315,-76.2823,T3,Harris Creek-Coptank River
20600050506,450861,BAY726,SWM,CMON,MDDNR,MDDNR,XFG2810,8/9/2018,8:45:00,3.2,,,2.9,BS,D,S1,TDN,,0.52,MG/L,L01 ,CBL,,,,,38.71252,-76.3168,T3,Harris Creek-Coptank River
20600050506,450862,BAY727,SWM,CMON,MDDNR,MDDNR,XFG2810,8/22/2018,7:45:00,3.5,,,3.2,BS,D,S1,TDN,,0.65,MG/L,L01 ,CBL,,,,,38.71252,-76.3168,T3,Harris Creek-Coptank River
20600050506,450865,BAY726,SWM,CMON,MDDNR,MDDNR,XFG6431,8/9/2018,7:45:00,3.1,,,2.8,BS,D,S1,TDN,,0.64,MG/L,L01 ,CBL,,,,,38.77315,-76.2823,T3,Harris Creek-Coptank River
20600050506,450866,BAY727,SWM,CMON,MDDNR,MDDNR,XFG6431,8/22/2018,9:00:00,3.4,,,3.1,BS,D,S1,TDN,,0.56,MG/L,L01 ,CBL,,,,,38.77315,-76.2823,T3,Harris Creek-Coptank River
20600050506,451280,BAY730,SWM,CMON,MDDNR,MDDNR,XFG2810,10/9/2018,10:30:00,3.4,,,3.1,BS,D,S1,TDN,,0.9,MG/L,L01 ,CBL,,,,,38.71252,-76.3168,T3,Harris Creek-Coptank River
20600050506,451281,BAY731,SWM,CMON,MDDNR,MDDNR,XFG2810,10/30/2018,8:15:00,3.6,,,3.3,BS,D,S1,TDN,,0.82,MG/L,L01 ,CBL,,,,,38.71252,-76.3168,T3,Harris Creek-Coptank River
20600050506,451284,BAY730,SWM,CMON,MDDNR,MDDNR,XFG6431,10/9/2018,11:15:00,3.2,,,2.9,BS,D,S1,TDN,,0.53,MG/L,L01 ,CBL,,,,,38.77315,-76.2823,T3,Harris Creek-Coptank River
20600050506,451285,BAY731,SWM,CMON,MDDNR,MDDNR,XFG6431,10/30/2018,9:00:00,3.4,,,3.1,BS,D,S1,TDN,,0.61,MG/L,L01 ,CBL,,,,,38.77315,-76.2823,T3,Harris Creek-Coptank River
20600050506,451317,BAY733,SWM,CMON,MDDNR,MDDNR,XFG2810,11/26/2018,9:45:00,3.3,,,3,BS,D,S1,TDN,,0.71,MG/L,L01 ,CBL,,,,,38.71252,-76.3168,T3,Harris Creek-Coptank River
20600050506,451319,BAY733,SWM,CMON,MDDNR,MDDNR,XFG6431,11/26/2018,10:45:00,3.5,,,3.2,BS,D,S1,TDN,,0.5,MG/L,L01 ,CBL,,,,,38.77315,-76.2823,T3,Harris Creek-Coptank River
20600050506,451354,BAY724,SWM,CMON,MDDNR,MDDNR,XFG2810,7/3/2018,7:45:00,3.8,,,3.5,BS,D,S1,TDN,,0.61,MG/L,L01 ,CBL,,,,,38.71252,-76.3168,T3,Harris Creek-Coptank River
20600050506,451355,BAY725,SWM,CMON,MDDNR,MDDNR,XFG2810,7/23/2018,6:45:00,3.7,,,3.4,BS,D,S1,TDN,,0.49,MG/L,L01 ,CBL,,,,,38.71252,-76.3168,T3,Harris Creek-Coptank River
20600050506,451358,BAY724,SWM,CMON,MDDNR,MDDNR,XFG6431,7/3/2018,8:00:00,3.7,,,3.4,BS,D,S1,TDN,,0.48,MG/L,L01 ,CBL,,,,,38.77315,-76.2823,T3,Harris Creek-Coptank River
20600050506,451359,BAY725,SWM,CMON,MDDNR,MDDNR,XFG6431,7/16/2018,8:45:00,3.6,,,3.3,BS,D,S1,TDN,,0.5,MG/L,L01 ,CBL,,,,,38.77315,-76.2823,T3,Harris Creek-Coptank River
20600050506,451397,BAY722,SWM,CMON,MDDNR,MDDNR,XFG2810,6/5/2018,8:15:00,3.9,,,3.6,BS,D,S1,TDN,,0.69,MG/L,L01 ,CBL,,,,,38.71252,-76.3168,T3,Harris Creek-Coptank River
20600050506,451398,BAY723,SWM,CMON,MDDNR,MDDNR,XFG2810,6/19/2018,7:45:00,3.5,,,3.2,BS,D,S1,TDN,,0.52,MG/L,L01 ,CBL,,,,,38.71252,-76.3168,T3,Harris Creek-Coptank River
20600050506,451400,BAY722,SWM,CMON,MDDNR,MDDNR,XFG6431,6/5/2018,8:45:00,3.6,,,3.3,BS,D,S1,TDN,,0.54,MG/L,L01 ,CBL,,,,,38.77315,-76.2823,T3,Harris Creek-Coptank River
20600050506,451401,BAY723,SWM,CMON,MDDNR,MDDNR,XFG6431,6/19/2018,8:15:00,3.5,,,3.2,BS,D,S1,TDN,,0.6,MG/L,L01 ,CBL,,,,,38.77315,-76.2823,T3,Harris Creek-Coptank River
20600050506,454394,BAY736,SWM,CMON,MDDNR,MDDNR,XFG2810,1/8/2019,9:30:00,3.3,,,3,BS,D,S1,TDN,,0.89,MG/L,L01 ,CBL,,,,,38.71252,-76.3168,T3,Harris Creek-Coptank River
20600050506,454396,BAY736,SWM,CMON,MDDNR,MDDNR,XFG6431,1/8/2019,11:00:00,3.3,,,3,BS,D,S1,TDN,,0.52,MG/L,L01 ,CBL,,,,,38.77315,-76.2823,T3,Harris Creek-Coptank River
20600050506,456386,BAY740,SWM,CMON,MDDNR,MDDNR,XFG2810,3/5/2019,11:45:00,3.3,,,3,BS,D,S1,TDN,,1,MG/L,L01 ,CBL,,,,,38.71252,-76.3168,T3,Harris Creek-Coptank River
20600050506,456388,BAY740,SWM,CMON,MDDNR,MDDNR,XFG6431,3/5/2019,12:15:00,3.2,,,2.9,BS,D,S1,TDN,,0.92,MG/L,L01 ,CBL,,,,,38.77315,-76.2823,T3,Harris Creek-Coptank River
20600050506,456419,BAY742,SWM,CMON,MDDNR,MDDNR,XFG2810,4/2/2019,10:00:00,3.1,,,2.8,BS,D,S1,TDN,,1.17,MG/L,L01 ,CBL,,,,,38.71252,-76.3168,T3,Harris Creek-Coptank River
20600050506,456420,BAY743,SWM,CMON,MDDNR,MDDNR,XFG2810,4/18/2019,9:00:00,3.2,,,2.9,BS,D,S1,TDN,,0.93,MG/L,L01 ,CBL,,,,,38.71252,-76.3168,T3,Harris Creek-Coptank River
20600050506,456423,BAY742,SWM,CMON,MDDNR,MDDNR,XFG6431,4/2/2019,11:00:00,2.8,,,2.5,BS,D,S1,TDN,,0.69,MG/L,L01 ,CBL,,,,,38.77315,-76.2823,T3,Harris Creek-Coptank River
20600050506,456424,BAY743,SWM,CMON,MDDNR,MDDNR,XFG6431,4/18/2019,10:15:00,3,,,2.7,BS,D,S1,TDN,,0.4,MG/L,L01 ,CBL,,,,,38.77315,-76.2823,T3,Harris Creek-Coptank River
20600050506,456464,BAY744,SWM,CMON,MDDNR,MDDNR,XFG2810,5/9/2019,7:45:00,4.3,,,4,BS,D,S1,TDN,,0.63,MG/L,L01 ,CBL,,,,,38.71252,-76.3168,T3,Harris Creek-Coptank River
20600050506,456465,BAY745,SWM,CMON,MDDNR,MDDNR,XFG2810,5/28/2019,8:30:00,4.1,,,3.8,BS,D,S1,TDN,,0.82,MG/L,L01 ,CBL,,,,,38.71252,-76.3168,T3,Harris Creek-Coptank River
20600050506,456468,BAY744,SWM,CMON,MDDNR,MDDNR,XFG6431,5/9/2019,8:15:00,3,,,2.7,BS,D,S1,TDN,,0.55,MG/L,L01 ,CBL,,,,,38.77315,-76.2823,T3,Harris Creek-Coptank River
20600050506,456469,BAY745,SWM,CMON,MDDNR,MDDNR,XFG6431,5/28/2019,9:30:00,3.7,,,3.4,BS,D,S1,TDN,,0.52,MG/L,L01 ,CBL,,,,,38.77315,-76.2823,T3,Harris Creek-Coptank River
20600050506,457028,BAY748,SWM,CMON,MDDNR,MDDNR,XFG2810,7/11/2019,8:30:00,3.9,,,3.6,BS,D,S1,TDN,,0.47,MG/L,L01 ,CBL,,,,,38.71252,-76.3168,T3,Harris Creek-Coptank River
20600050506,457029,BAY749,SWM,CMON,MDDNR,MDDNR,XFG2810,7/25/2019,9:45:00,3.7,,,3.4,BS,D,S1,TDN,,0.5,MG/L,L01 ,CBL,,,,,38.71252,-76.3168,T3,Harris Creek-Coptank River
20600050506,457032,BAY748,SWM,CMON,MDDNR,MDDNR,XFG6431,7/11/2019,9:15:00,4.3,,,4,BS,D,S1,TDN,,0.47,MG/L,L01 ,CBL,,,,,38.77315,-76.2823,T3,Harris Creek-Coptank River
20600050506,457033,BAY749,SWM,CMON,MDDNR,MDDNR,XFG6431,7/25/2019,10:15:00,4.1,,,3.8,BS,D,S1,TDN,,0.96,MG/L,L01 ,CBL,,,,,38.77315,-76.2823,T3,Harris Creek-Coptank River
20600050506,457355,BAY746,SWM,CMON,MDDNR,MDDNR,XFG2810,6/12/2019,9:00:00,3.6,,,3.3,BS,D,S1,TDN,,0.87,MG/L,L01 ,CBL,,,,,38.71252,-76.3168,T3,Harris Creek-Coptank River
20600050506,457356,BAY747,SWM,CMON,MDDNR,MDDNR,XFG2810,6/25/2019,8:30:00,3.5,,,3.2,BS,D,S1,TDN,,0.5,MG/L,L01 ,CBL,,,,,38.71252,-76.3168,T3,Harris Creek-Coptank River
20600050506,457359,BAY746,SWM,CMON,MDDNR,MDDNR,XFG6431,6/12/2019,9:30:00,3.5,,,3.2,BS,D,S1,TDN,,0.35,MG/L,L01 ,CBL,,,,,38.77315,-76.2823,T3,Harris Creek-Coptank River
20600050506,457360,BAY747,SWM,CMON,MDDNR,MDDNR,XFG6431,6/25/2019,9:00:00,3.6,,,3.3,BS,D,S1,TDN,,0.45,MG/L,L01 ,CBL,,,,,38.77315,-76.2823,T3,Harris Creek-Coptank River
20600050506,457969,BAY752,SWM,CMON,MDDNR,MDDNR,XFG2810,9/11/2019,8:15:00,3.5,,,3.2,BS,D,S1,TDN,,0.69,MG/L,L01 ,CBL,,,,,38.71252,-76.3168,T3,Harris Creek-Coptank River
20600050506,457970,BAY753,SWM,CMON,MDDNR,MDDNR,XFG2810,9/25/2019,7:30:00,3.4,,,3.1,BS,D,S1,TDN,,0.52,MG/L,L01 ,CBL,,,,,38.71252,-76.3168,T3,Harris Creek-Coptank River
20600050506,457973,BAY752,SWM,CMON,MDDNR,MDDNR,XFG6431,9/11/2019,8:45:00,4,,,3.7,BS,D,S1,TDN,,0.46,MG/L,L01 ,CBL,,,,,38.77315,-76.2823,T3,Harris Creek-Coptank River
20600050506,457974,BAY753,SWM,CMON,MDDNR,MDDNR,XFG6431,9/25/2019,8:30:00,3.7,,,3.4,BS,D,S1,TDN,,0.68,MG/L,L01 ,CBL,,,,,38.77315,-76.2823,T3,Harris Creek-Coptank River
20600050506,458014,BAY750,SWM,CMON,MDDNR,MDDNR,XFG2810,8/8/2019,8:15:00,3.6,,,3.3,BS,D,S1,TDN,,0.52,MG/L,L01 ,CBL,,,,,38.71252,-76.3168,T3,Harris Creek-Coptank River
20600050506,458015,BAY751,SWM,CMON,MDDNR,MDDNR,XFG2810,8/22/2019,8:00:00,3.6,,,3.3,BS,D,S1,TDN,,0.48,MG/L,L01 ,CBL,,,,,38.71252,-76.3168,T3,Harris Creek-Coptank River
20600050506,458018,BAY750,SWM,CMON,MDDNR,MDDNR,XFG6431,8/8/2019,8:45:00,4,,,3.7,BS,D,S1,TDN,,0.53,MG/L,L01 ,CBL,,,,,38.77315,-76.2823,T3,Harris Creek-Coptank River
20600050506,458019,BAY751,SWM,CMON,MDDNR,MDDNR,XFG6431,8/22/2019,9:00:00,3.8,,,3.5,BS,D,S1,TDN,,0.55,MG/L,L01 ,CBL,,,,,38.77315,-76.2823,T3,Harris Creek-Coptank River
20600050506,460502,BAY754,SWM,CMON,MDDNR,MDDNR,XFG2810,10/10/2019,7:45:00,3.7,,,3.4,BS,D,S1,TDN,,0.48,MG/L,L01 ,CBL,,,,,38.71252,-76.3168,T3,Harris Creek-Coptank River
20600050506,460503,BAY755,SWM,CMON,MDDNR,MDDNR,XFG2810,10/29/2019,8:00:00,3.6,,,3.3,BS,D,S1,TDN,,0.55,MG/L,L01 ,CBL,,,,,38.71252,-76.3168,T3,Harris Creek-Coptank River
20600050506,460506,BAY754,SWM,CMON,MDDNR,MDDNR,XFG6431,10/10/2019,9:00:00,4,,,3.7,BS,D,S1,TDN,,0.54,MG/L,L01 ,CBL,,,,,38.77315,-76.2823,T3,Harris Creek-Coptank River
20600050506,460507,BAY755,SWM,CMON,MDDNR,MDDNR,XFG6431,10/29/2019,8:45:00,3.7,,,3.4,BS,D,S1,TDN,,0.48,MG/L,L01 ,CBL,,,,,38.77315,-76.2823,T3,Harris Creek-Coptank River
20600050506,460990,BAY757,SWM,CMON,MDDNR,MDDNR,XFG2810,11/21/2019,10:45:00,3.6,,,3.3,BS,D,S1,TDN,,0.37,MG/L,L01 ,CBL,,,,,38.71252,-76.3168,T3,Harris Creek-Coptank River
20600050506,460992,BAY757,SWM,CMON,MDDNR,MDDNR,XFG6431,11/21/2019,9:30:00,3.9,,,3.6,BS,D,S1,TDN,,0.39,MG/L,L01 ,CBL,,,,,38.77315,-76.2823,T3,Harris Creek-Coptank River
20600050506,461008,BAY759,SWM,CMON,MDDNR,MDDNR,XFG2810,12/20/2019,8:45:00,3.3,,,3,BS,D,S1,TDN,,0.34,MG/L,L01 ,CBL,,,,,38.71252,-76.3168,T3,Harris Creek-Coptank River
20600050506,461010,BAY759,SWM,CMON,MDDNR,MDDNR,XFG6431,12/20/2019,8:30:00,3.7,,,3.4,BS,D,S1,TDN,,0.39,MG/L,L01 ,CBL,,,,,38.77315,-76.2823,T3,Harris Creek-Coptank River
20600050506,461010,BAY759,SWM,CMON,MDDNR,MDDNR,XFG6431,12/20/2019,8:30:00,3.7,,,3.4,BS,D,S1,TDP,,0.0105,MG/L,L01 ,CBL,,,,,38.77315,-76.2823,T3,Harris Creek-Coptank River
20600050506,461008,BAY759,SWM,CMON,MDDNR,MDDNR,XFG2810,12/20/2019,8:45:00,3.3,,,3,BS,D,S1,TDP,,0.0106,MG/L,L01 ,CBL,,,,,38.71252,-76.3168,T3,Harris Creek-Coptank River
20600050506,460992,BAY757,SWM,CMON,MDDNR,MDDNR,XFG6431,11/21/2019,9:30:00,3.9,,,3.6,BS,D,S1,TDP,,0.0108,MG/L,L01 ,CBL,,,,,38.77315,-76.2823,T3,Harris Creek-Coptank River
20600050506,460990,BAY757,SWM,CMON,MDDNR,MDDNR,XFG2810,11/21/2019,10:45:00,3.6,,,3.3,BS,D,S1,TDP,,0.0101,MG/L,L01 ,CBL,,,,,38.71252,-76.3168,T3,Harris Creek-Coptank River
20600050506,460507,BAY755,SWM,CMON,MDDNR,MDDNR,XFG6431,10/29/2019,8:45:00,3.7,,,3.4,BS,D,S1,TDP,,0.0146,MG/L,L01 ,CBL,,,,,38.77315,-76.2823,T3,Harris Creek-Coptank River
20600050506,460506,BAY754,SWM,CMON,MDDNR,MDDNR,XFG6431,10/10/2019,9:00:00,4,,,3.7,BS,D,S1,TDP,,0.0194,MG/L,L01 ,CBL,,,,,38.77315,-76.2823,T3,Harris Creek-Coptank River
20600050506,460503,BAY755,SWM,CMON,MDDNR,MDDNR,XFG2810,10/29/2019,8:00:00,3.6,,,3.3,BS,D,S1,TDP,,0.0154,MG/L,L01 ,CBL,,,,,38.71252,-76.3168,T3,Harris Creek-Coptank River
20600050506,460502,BAY754,SWM,CMON,MDDNR,MDDNR,XFG2810,10/10/2019,7:45:00,3.7,,,3.4,BS,D,S1,TDP,,0.0189,MG/L,L01 ,CBL,,,,,38.71252,-76.3168,T3,Harris Creek-Coptank River
20600050506,458019,BAY751,SWM,CMON,MDDNR,MDDNR,XFG6431,8/22/2019,9:00:00,3.8,,,3.5,BS,D,S1,TDP,,0.0275,MG/L,L01 ,CBL,,,,,38.77315,-76.2823,T3,Harris Creek-Coptank River
20600050506,458018,BAY750,SWM,CMON,MDDNR,MDDNR,XFG6431,8/8/2019,8:45:00,4,,,3.7,BS,D,S1,TDP,,0.0231,MG/L,L01 ,CBL,,,,,38.77315,-76.2823,T3,Harris Creek-Coptank River
20600050506,458015,BAY751,SWM,CMON,MDDNR,MDDNR,XFG2810,8/22/2019,8:00:00,3.6,,,3.3,BS,D,S1,TDP,,0.014,MG/L,L01 ,CBL,,,,,38.71252,-76.3168,T3,Harris Creek-Coptank River
20600050506,458014,BAY750,SWM,CMON,MDDNR,MDDNR,XFG2810,8/8/2019,8:15:00,3.6,,,3.3,BS,D,S1,TDP,,0.0212,MG/L,L01 ,CBL,,,,,38.71252,-76.3168,T3,Harris Creek-Coptank River
20600050506,457974,BAY753,SWM,CMON,MDDNR,MDDNR,XFG6431,9/25/2019,8:30:00,3.7,,,3.4,BS,D,S1,TDP,,0.0203,MG/L,L01 ,CBL,,,,,38.77315,-76.2823,T3,Harris Creek-Coptank River
20600050506,457973,BAY752,SWM,CMON,MDDNR,MDDNR,XFG6431,9/11/2019,8:45:00,4,,,3.7,BS,D,S1,TDP,,0.0096,MG/L,L01 ,CBL,,,,,38.77315,-76.2823,T3,Harris Creek-Coptank River
20600050506,457970,BAY753,SWM,CMON,MDDNR,MDDNR,XFG2810,9/25/2019,7:30:00,3.4,,,3.1,BS,D,S1,TDP,,0.022,MG/L,L01 ,CBL,,,,,38.71252,-76.3168,T3,Harris Creek-Coptank River
20600050506,457969,BAY752,SWM,CMON,MDDNR,MDDNR,XFG2810,9/11/2019,8:15:00,3.5,,,3.2,BS,D,S1,TDP,,0.0245,MG/L,L01 ,CBL,,,,,38.71252,-76.3168,T3,Harris Creek-Coptank River
20600050506,457360,BAY747,SWM,CMON,MDDNR,MDDNR,XFG6431,6/25/2019,9:00:00,3.6,,,3.3,BS,D,S1,TDP,,0.0144,MG/L,L01 ,CBL,,,,,38.77315,-76.2823,T3,Harris Creek-Coptank River
20600050506,457359,BAY746,SWM,CMON,MDDNR,MDDNR,XFG6431,6/12/2019,9:30:00,3.5,,,3.2,BS,D,S1,TDP,,0.0107,MG/L,L01 ,CBL,,,,,38.77315,-76.2823,T3,Harris Creek-Coptank River
20600050506,457356,BAY747,SWM,CMON,MDDNR,MDDNR,XFG2810,6/25/2019,8:30:00,3.5,,,3.2,BS,D,S1,TDP,,0.0085,MG/L,L01 ,CBL,,,,,38.71252,-76.3168,T3,Harris Creek-Coptank River
20600050506,457355,BAY746,SWM,CMON,MDDNR,MDDNR,XFG2810,6/12/2019,9:00:00,3.6,,,3.3,BS,D,S1,TDP,,0.0134,MG/L,L01 ,CBL,,,,,38.71252,-76.3168,T3,Harris Creek-Coptank River
20600050506,457033,BAY749,SWM,CMON,MDDNR,MDDNR,XFG6431,7/25/2019,10:15:00,4.1,,,3.8,BS,D,S1,TDP,,0.0283,MG/L,L01 ,CBL,,,,,38.77315,-76.2823,T3,Harris Creek-Coptank River
20600050506,457032,BAY748,SWM,CMON,MDDNR,MDDNR,XFG6431,7/11/2019,9:15:00,4.3,,,4,BS,D,S1,TDP,,0.019,MG/L,L01 ,CBL,,,,,38.77315,-76.2823,T3,Harris Creek-Coptank River
20600050506,457029,BAY749,SWM,CMON,MDDNR,MDDNR,XFG2810,7/25/2019,9:45:00,3.7,,,3.4,BS,D,S1,TDP,,0.0136,MG/L,L01 ,CBL,,,,,38.71252,-76.3168,T3,Harris Creek-Coptank River
20600050506,457028,BAY748,SWM,CMON,MDDNR,MDDNR,XFG2810,7/11/2019,8:30:00,3.9,,,3.6,BS,D,S1,TDP,,0.0111,MG/L,L01 ,CBL,V ,,,,38.71252,-76.3168,T3,Harris Creek-Coptank River
20600050506,456469,BAY745,SWM,CMON,MDDNR,MDDNR,XFG6431,5/28/2019,9:30:00,3.7,,,3.4,BS,D,S1,TDP,,0.0139,MG/L,L01 ,CBL,,,,,38.77315,-76.2823,T3,Harris Creek-Coptank River
20600050506,456468,BAY744,SWM,CMON,MDDNR,MDDNR,XFG6431,5/9/2019,8:15:00,3,,,2.7,BS,D,S1,TDP,,0.0142,MG/L,L01 ,CBL,,,,,38.77315,-76.2823,T3,Harris Creek-Coptank River
20600050506,456465,BAY745,SWM,CMON,MDDNR,MDDNR,XFG2810,5/28/2019,8:30:00,4.1,,,3.8,BS,D,S1,TDP,,0.0082,MG/L,L01 ,CBL,,,,,38.71252,-76.3168,T3,Harris Creek-Coptank River
20600050506,456464,BAY744,SWM,CMON,MDDNR,MDDNR,XFG2810,5/9/2019,7:45:00,4.3,,,4,BS,D,S1,TDP,,0.0233,MG/L,L01 ,CBL,,,,,38.71252,-76.3168,T3,Harris Creek-Coptank River
20600050506,456424,BAY743,SWM,CMON,MDDNR,MDDNR,XFG6431,4/18/2019,10:15:00,3,,,2.7,BS,D,S1,TDP,,0.0104,MG/L,L01 ,CBL,,,,,38.77315,-76.2823,T3,Harris Creek-Coptank River
20600050506,456423,BAY742,SWM,CMON,MDDNR,MDDNR,XFG6431,4/2/2019,11:00:00,2.8,,,2.5,BS,D,S1,TDP,,0.0106,MG/L,L01 ,CBL,,,,,38.77315,-76.2823,T3,Harris Creek-Coptank River
20600050506,456420,BAY743,SWM,CMON,MDDNR,MDDNR,XFG2810,4/18/2019,9:00:00,3.2,,,2.9,BS,D,S1,TDP,,0.0112,MG/L,L01 ,CBL,,,,,38.71252,-76.3168,T3,Harris Creek-Coptank River
20600050506,456419,BAY742,SWM,CMON,MDDNR,MDDNR,XFG2810,4/2/2019,10:00:00,3.1,,,2.8,BS,D,S1,TDP,,0.0102,MG/L,L01 ,CBL,,,,,38.71252,-76.3168,T3,Harris Creek-Coptank River
20600050506,456388,BAY740,SWM,CMON,MDDNR,MDDNR,XFG6431,3/5/2019,12:15:00,3.2,,,2.9,BS,D,S1,TDP,,0.0091,MG/L,L01 ,CBL,,,,,38.77315,-76.2823,T3,Harris Creek-Coptank River
20600050506,456386,BAY740,SWM,CMON,MDDNR,MDDNR,XFG2810,3/5/2019,11:45:00,3.3,,,3,BS,D,S1,TDP,,0.0081,MG/L,L01 ,CBL,,,,,38.71252,-76.3168,T3,Harris Creek-Coptank River
20600050506,454396,BAY736,SWM,CMON,MDDNR,MDDNR,XFG6431,1/8/2019,11:00:00,3.3,,,3,BS,D,S1,TDP,,0.0118,MG/L,L01 ,CBL,,,,,38.77315,-76.2823,T3,Harris Creek-Coptank River
20600050506,454394,BAY736,SWM,CMON,MDDNR,MDDNR,XFG2810,1/8/2019,9:30:00,3.3,,,3,BS,D,S1,TDP,,0.0074,MG/L,L01 ,CBL,,,,,38.71252,-76.3168,T3,Harris Creek-Coptank River
20600050506,451401,BAY723,SWM,CMON,MDDNR,MDDNR,XFG6431,6/19/2018,8:15:00,3.5,,,3.2,BS,D,S1,TDP,,0.0157,MG/L,L01 ,CBL,,,,,38.77315,-76.2823,T3,Harris Creek-Coptank River
20600050506,451400,BAY722,SWM,CMON,MDDNR,MDDNR,XFG6431,6/5/2018,8:45:00,3.6,,,3.3,BS,D,S1,TDP,,0.0108,MG/L,L01 ,CBL,,,,,38.77315,-76.2823,T3,Harris Creek-Coptank River
20600050506,451398,BAY723,SWM,CMON,MDDNR,MDDNR,XFG2810,6/19/2018,7:45:00,3.5,,,3.2,BS,D,S1,TDP,,0.0087,MG/L,L01 ,CBL,,,,,38.71252,-76.3168,T3,Harris Creek-Coptank River
20600050506,451397,BAY722,SWM,CMON,MDDNR,MDDNR,XFG2810,6/5/2018,8:15:00,3.9,,,3.6,BS,D,S1,TDP,,0.0094,MG/L,L01 ,CBL,,,,,38.71252,-76.3168,T3,Harris Creek-Coptank River
20600050506,451359,BAY725,SWM,CMON,MDDNR,MDDNR,XFG6431,7/16/2018,8:45:00,3.6,,,3.3,BS,D,S1,TDP,,0.0202,MG/L,L01 ,CBL,,,,,38.77315,-76.2823,T3,Harris Creek-Coptank River
20600050506,451358,BAY724,SWM,CMON,MDDNR,MDDNR,XFG6431,7/3/2018,8:00:00,3.7,,,3.4,BS,D,S1,TDP,,0.0164,MG/L,L01 ,CBL,,,,,38.77315,-76.2823,T3,Harris Creek-Coptank River
20600050506,451355,BAY725,SWM,CMON,MDDNR,MDDNR,XFG2810,7/23/2018,6:45:00,3.7,,,3.4,BS,D,S1,TDP,,0.0198,MG/L,L01 ,CBL,,,,,38.71252,-76.3168,T3,Harris Creek-Coptank River
20600050506,451354,BAY724,SWM,CMON,MDDNR,MDDNR,XFG2810,7/3/2018,7:45:00,3.8,,,3.5,BS,D,S1,TDP,,0.0144,MG/L,L01 ,CBL,,,,,38.71252,-76.3168,T3,Harris Creek-Coptank River
20600050506,451319,BAY733,SWM,CMON,MDDNR,MDDNR,XFG6431,11/26/2018,10:45:00,3.5,,,3.2,BS,D,S1,TDP,,0.0115,MG/L,L01 ,CBL,,,,,38.77315,-76.2823,T3,Harris Creek-Coptank River
20600050506,451317,BAY733,SWM,CMON,MDDNR,MDDNR,XFG2810,11/26/2018,9:45:00,3.3,,,3,BS,D,S1,TDP,,0.0092,MG/L,L01 ,CBL,,,,,38.71252,-76.3168,T3,Harris Creek-Coptank River
20600050506,451285,BAY731,SWM,CMON,MDDNR,MDDNR,XFG6431,10/30/2018,9:00:00,3.4,,,3.1,BS,D,S1,TDP,,0.0144,MG/L,L01 ,CBL,,,,,38.77315,-76.2823,T3,Harris Creek-Coptank River
20600050506,451284,BAY730,SWM,CMON,MDDNR,MDDNR,XFG6431,10/9/2018,11:15:00,3.2,,,2.9,BS,D,S1,TDP,,0.0156,MG/L,L01 ,CBL,,,,,38.77315,-76.2823,T3,Harris Creek-Coptank River
20600050506,451281,BAY731,SWM,CMON,MDDNR,MDDNR,XFG2810,10/30/2018,8:15:00,3.6,,,3.3,BS,D,S1,TDP,,0.0105,MG/L,L01 ,CBL,,,,,38.71252,-76.3168,T3,Harris Creek-Coptank River
20600050506,451280,BAY730,SWM,CMON,MDDNR,MDDNR,XFG2810,10/9/2018,10:30:00,3.4,,,3.1,BS,D,S1,TDP,,0.0188,MG/L,L01 ,CBL,,,,,38.71252,-76.3168,T3,Harris Creek-Coptank River
20600050506,450866,BAY727,SWM,CMON,MDDNR,MDDNR,XFG6431,8/22/2018,9:00:00,3.4,,,3.1,BS,D,S1,TDP,,0.0256,MG/L,L01 ,CBL,,,,,38.77315,-76.2823,T3,Harris Creek-Coptank River
20600050506,450865,BAY726,SWM,CMON,MDDNR,MDDNR,XFG6431,8/9/2018,7:45:00,3.1,,,2.8,BS,D,S1,TDP,,0.0293,MG/L,L01 ,CBL,,,,,38.77315,-76.2823,T3,Harris Creek-Coptank River
20600050506,450862,BAY727,SWM,CMON,MDDNR,MDDNR,XFG2810,8/22/2018,7:45:00,3.5,,,3.2,BS,D,S1,TDP,,0.0341,MG/L,L01 ,CBL,,,,,38.71252,-76.3168,T3,Harris Creek-Coptank River
20600050506,450861,BAY726,SWM,CMON,MDDNR,MDDNR,XFG2810,8/9/2018,8:45:00,3.2,,,2.9,BS,D,S1,TDP,,0.0138,MG/L,L01 ,CBL,,,,,38.71252,-76.3168,T3,Harris Creek-Coptank River
20600050506,450814,BAY729,SWM,CMON,MDDNR,MDDNR,XFG6431,9/27/2018,8:45:00,3.1,,,2.8,BS,D,S1,TDP,,0.0278,MG/L,L01 ,CBL,,,,,38.77315,-76.2823,T3,Harris Creek-Coptank River
20600050506,450813,BAY728,SWM,CMON,MDDNR,MDDNR,XFG6431,9/4/2018,9:15:00,3.4,,,3.1,BS,D,S1,TDP,,0.0275,MG/L,L01 ,CBL,,,,,38.77315,-76.2823,T3,Harris Creek-Coptank River
20600050506,450810,BAY729,SWM,CMON,MDDNR,MDDNR,XFG2810,9/27/2018,10:00:00,3.5,,,3.2,BS,D,S1,TDP,,0.0264,MG/L,L01 ,CBL,,,,,38.71252,-76.3168,T3,Harris Creek-Coptank River
20600050506,450809,BAY728,SWM,CMON,MDDNR,MDDNR,XFG2810,9/4/2018,8:30:00,3.7,,,3.4,BS,D,S1,TDP,,0.0256,MG/L,L01 ,CBL,,,,,38.71252,-76.3168,T3,Harris Creek-Coptank River
20600050506,448978,BAY721,SWM,CMON,MDDNR,MDDNR,XFG6431,5/23/2018,8:45:00,3.7,,,3.4,BS,D,S1,TDP,,0.0176,MG/L,L01 ,CBL,,,,,38.77315,-76.2823,T3,Harris Creek-Coptank River
20600050506,448977,BAY720,SWM,CMON,MDDNR,MDDNR,XFG6431,5/7/2018,8:45:00,3.7,,,3.4,BS,D,S1,TDP,,,MG/L,L01 ,CBL,RR,,,,38.77315,-76.2823,T3,Harris Creek-Coptank River
20600050506,448974,BAY721,SWM,CMON,MDDNR,MDDNR,XFG2810,5/23/2018,8:00:00,3.5,,,3.2,BS,D,S1,TDP,,0.0102,MG/L,L01 ,CBL,,,,,38.71252,-76.3168,T3,Harris Creek-Coptank River
20600050506,448973,BAY720,SWM,CMON,MDDNR,MDDNR,XFG2810,5/7/2018,9:45:00,3.4,,,3.1,BS,D,S1,TDP,,0.0084,MG/L,L01 ,CBL,,,,,38.71252,-76.3168,T3,Harris Creek-Coptank River
20600050506,448934,BAY719,SWM,CMON,MDDNR,MDDNR,XFG6431,4/24/2018,9:45:00,4,,,3.7,BS,D,S1,TDP,,0.0119,MG/L,L01 ,CBL,,,,,38.77315,-76.2823,T3,Harris Creek-Coptank River
20600050506,448932,BAY719,SWM,CMON,MDDNR,MDDNR,XFG2810,4/24/2018,8:45:00,3.6,,,3.3,BS,D,S1,TDP,,0.0074,MG/L,L01 ,CBL,,,,,38.71252,-76.3168,T3,Harris Creek-Coptank River
20600050506,448904,BAY717,SWM,CMON,MDDNR,MDDNR,XFG6431,3/29/2018,10:30:00,3.5,,,3.2,BS,D,S1,TDP,,0.0092,MG/L,L01 ,CBL,,,,,38.77315,-76.2823,T3,Harris Creek-Coptank River
20600050506,448902,BAY717,SWM,CMON,MDDNR,MDDNR,XFG2810,3/29/2018,9:45:00,3.6,,,3.3,BS,D,S1,TDP,,0.0068,MG/L,L01 ,CBL,,,,,38.71252,-76.3168,T3,Harris Creek-Coptank River
20600050506,447848,BAY697,SWM,CMON,MDDNR,MDDNR,XFG6431,5/18/2017,10:00:00,3.6,,,3.3,BS,D,S1,TDP,,0.0135,MG/L,L01 ,CBL,,,,,38.77315,-76.2823,T3,Harris Creek-Coptank River
20600050506,447800,BAY705,SWM,CMON,MDDNR,MDDNR,XFG6431,9/27/2017,8:45:00,3.6,,,3.3,BS,D,S1,TDP,,0.0203,MG/L,L01 ,CBL,,,,,38.77315,-76.2823,T3,Harris Creek-Coptank River
20600050506,447799,BAY704,SWM,CMON,MDDNR,MDDNR,XFG6431,9/12/2017,9:30:00,3.7,,,3.4,BS,D,S1,TDP,,0.0207,MG/L,L01 ,CBL,,,,,38.77315,-76.2823,T3,Harris Creek-Coptank River
20600050506,447747,BAY707,SWM,CMON,MDDNR,MDDNR,XFG6431,10/31/2017,8:00:00,3.2,,,2.9,BS,D,S1,TDP,,0.0258,MG/L,L01 ,CBL,,,,,38.77315,-76.2823,T3,Harris Creek-Coptank River
20600050506,447746,BAY706,SWM,CMON,MDDNR,MDDNR,XFG6431,10/11/2017,9:00:00,3.8,,,3.5,BS,D,S1,TDP,,0.0195,MG/L,L01 ,CBL,,,,,38.77315,-76.2823,T3,Harris Creek-Coptank River
20600050506,447703,BAY708,SWM,CMON,MDDNR,MDDNR,XFG6431,11/14/2017,11:00:00,3.4,,,3.1,BS,D,S1,TDP,,0.019,MG/L,L01 ,CBL,,,,,38.77315,-76.2823,T3,Harris Creek-Coptank River
20600050506,447701,BAY708,SWM,CMON,MDDNR,MDDNR,XFG2810,11/14/2017,12:00:00,3.3,,,3,BS,D,S1,TDP,,0.0149,MG/L,L01 ,CBL,,,,,38.71252,-76.3168,T3,Harris Creek-Coptank River
20600050506,447687,BAY711,SWM,CMON,MDDNR,MDDNR,XFG6431,12/19/2017,13:30:00,3.2,,,2.9,BS,D,S1,TDP,,0.0129,MG/L,L01 ,CBL,,,,,38.77315,-76.2823,T3,Harris Creek-Coptank River
20600050506,447685,BAY711,SWM,CMON,MDDNR,MDDNR,XFG2810,12/19/2017,12:00:00,3,,,2.7,BS,D,S1,TDP,,0.0092,MG/L,L01 ,CBL,,,,,38.71252,-76.3168,T3,Harris Creek-Coptank River
20600050506,447654,BAY701,SWM,CMON,MDDNR,MDDNR,XFG6431,7/27/2017,8:15:00,4.6,,,4.3,BS,D,S1,TDP,,0.0191,MG/L,L01 ,CBL,,,,,38.77315,-76.2823,T3,Harris Creek-Coptank River
20600050506,447653,BAY700,SWM,CMON,MDDNR,MDDNR,XFG6431,7/13/2017,9:15:00,3.9,,,3.6,BS,D,S1,TDP,,0.0158,MG/L,L01 ,CBL,,,,,38.77315,-76.2823,T3,Harris Creek-Coptank River
20600050506,447596,BAY703,SWM,CMON,MDDNR,MDDNR,XFG6431,8/30/2017,8:45:00,3.5,,,3.2,BS,D,S1,TDP,,0.0246,MG/L,L01 ,CBL,,,,,38.77315,-76.2823,T3,Harris Creek-Coptank River
20600050506,447595,BAY703,SWM,CMON,MDDNR,MDDNR,XFG6431,8/17/2017,10:15:00,4.7,,,4.4,BS,D,S1,TDP,,0.0131,MG/L,L01 ,CBL,,,,,38.77315,-76.2823,T3,Harris Creek-Coptank River
20600050506,447542,BAY699,SWM,CMON,MDDNR,MDDNR,XFG6431,6/22/2017,9:15:00,3.6,,,3.3,BS,D,S1,TDP,,0.0206,MG/L,L01 ,CBL,,,,,38.77315,-76.2823,T3,Harris Creek-Coptank River
20600050506,447541,BAY698,SWM,CMON,MDDNR,MDDNR,XFG6431,6/1/2017,8:45:00,4.2,,,3.9,BS,D,S1,TDP,,0.0156,MG/L,L01 ,CBL,,,,,38.77315,-76.2823,T3,Harris Creek-Coptank River
20600050506,447492,BAY695,SWM,CMON,MDDNR,MDDNR,XFG6431,4/27/2017,9:15:00,3.7,,,3.4,BS,D,S1,TDP,,0.0126,MG/L,L01 ,CBL,,,,,38.77315,-76.2823,T3,Harris Creek-Coptank River
20600050506,447491,BAY694,SWM,CMON,MDDNR,MDDNR,XFG6431,4/4/2017,8:45:00,4.3,,,4,BS,D,S1,TDP,,0.0077,MG/L,L01 ,CBL,,,,,38.77315,-76.2823,T3,Harris Creek-Coptank River
20600050506,447468,BAY692,SWM,CMON,MDDNR,MDDNR,XFG6431,3/8/2017,11:30:00,3.5,,,3.2,BS,D,S1,TDP,,0.006,MG/L,L01 ,CBL,,,,,38.77315,-76.2823,T3,Harris Creek-Coptank River
20600050506,427165,BAY681,SWM,CMON,MDDNR,MDDNR,XFG6431,9/28/2016,9:30:00,4.3,,,4,BS,D,S1,TDP,,0.025,MG/L,L01 ,CBL,,,,,38.77315,-76.2823,T3,Harris Creek-Coptank River
20600050506,427164,BAY680,SWM,CMON,MDDNR,MDDNR,XFG6431,9/6/2016,9:15:00,3.7,,,3.4,BS,D,S1,TDP,,0.0263,MG/L,L01 ,CBL,,,,,38.77315,-76.2823,T3,Harris Creek-Coptank River
20600050506,425851,BAY683,SWM,CMON,MDDNR,MDDNR,XFG6431,10/25/2016,8:30:00,3,,,2.7,BS,D,S1,TDP,,0.0212,MG/L,L01 ,CBL,,,,,38.77315,-76.2823,T3,Harris Creek-Coptank River
20600050506,425825,BAY685,SWM,CMON,MDDNR,MDDNR,XFG6431,11/15/2016,11:30:00,2.7,,,2.4,BS,D,S1,TDP,,0.017,MG/L,L01 ,CBL,,,,,38.77315,-76.2823,T3,Harris Creek-Coptank River
20600050506,425810,BAY686,SWM,CMON,MDDNR,MDDNR,XFG6431,12/8/2016,10:30:00,3.6,,,3.3,BS,D,S1,TDP,,0.0137,MG/L,L01 ,CBL,,,,,38.77315,-76.2823,T3,Harris Creek-Coptank River
20600050506,425767,BAY679,SWM,CMON,MDDNR,MDDNR,XFG6431,8/23/2016,8:30:00,3.7,,,3.4,BS,D,S1,TDP,,0.023,MG/L,L01 ,CBL,,,,,38.77315,-76.2823,T3,Harris Creek-Coptank River
20600050506,425766,BAY678,SWM,CMON,MDDNR,MDDNR,XFG6431,8/11/2016,9:30:00,3.4,,,3.1,BS,D,S1,TDP,,0.0215,MG/L,L01 ,CBL,,,,,38.77315,-76.2823,T3,Harris Creek-Coptank River
20600050506,422243,BAY675,SWM,CMON,MDDNR,MDDNR,XFG6431,6/28/2016,8:30:00,4,,,3.7,BS,D,S1,TDP,,0.0142,MG/L,L01 ,CBL,,,,,38.77315,-76.2823,T3,Harris Creek-Coptank River
20600050506,422242,BAY674,SWM,CMON,MDDNR,MDDNR,XFG6431,6/14/2016,8:30:00,3.3,,,3,BS,D,S1,TDP,,0.0125,MG/L,L01 ,CBL,,,,,38.77315,-76.2823,T3,Harris Creek-Coptank River
20600050506,422188,BAY673,SWM,CMON,MDDNR,MDDNR,XFG6431,5/31/2016,9:30:00,3.7,,,3.4,BS,D,S1,TDP,,0.0079,MG/L,L01 ,CBL,,,,,38.77315,-76.2823,T3,Harris Creek-Coptank River
20600050506,422187,BAY673,SWM,CMON,MDDNR,MDDNR,XFG6431,5/16/2016,10:00:00,3.2,,,2.9,BS,D,S1,TDP,,0.0107,MG/L,L01 ,CBL,,,,,38.77315,-76.2823,T3,Harris Creek-Coptank River
20600050506,447846,BAY697,SWM,CMON,MDDNR,MDDNR,XFG2810,5/18/2017,8:30:00,3.3,,,3,BS,D,S1,TDP,,0.0078,MG/L,L01 ,CBL,,,,,38.71252,-76.3168,T3,Harris Creek-Coptank River
20600050506,447796,BAY705,SWM,CMON,MDDNR,MDDNR,XFG2810,9/27/2017,7:30:00,3.5,,,3.2,BS,D,S1,TDP,,0.0142,MG/L,L01 ,CBL,,,,,38.71252,-76.3168,T3,Harris Creek-Coptank River
20600050506,447795,BAY704,SWM,CMON,MDDNR,MDDNR,XFG2810,9/12/2017,8:45:00,3.6,,,3.3,BS,D,S1,TDP,,0.02,MG/L,L01 ,CBL,,,,,38.71252,-76.3168,T3,Harris Creek-Coptank River
20600050506,447743,BAY707,SWM,CMON,MDDNR,MDDNR,XFG2810,10/31/2017,9:00:00,3.1,,,2.8,BS,D,S1,TDP,,0.0147,MG/L,L01 ,CBL,,,,,38.71252,-76.3168,T3,Harris Creek-Coptank River
20600050506,447742,BAY706,SWM,CMON,MDDNR,MDDNR,XFG2810,10/11/2017,7:30:00,3.2,,,2.9,BS,D,S1,TDP,,0.0209,MG/L,L01 ,CBL,,,,,38.71252,-76.3168,T3,Harris Creek-Coptank River
20600050506,447650,BAY701,SWM,CMON,MDDNR,MDDNR,XFG2810,7/27/2017,7:15:00,3.9,,,3.6,BS,D,S1,TDP,,0.0158,MG/L,L01 ,CBL,,,,,38.71252,-76.3168,T3,Harris Creek-Coptank River
20600050506,447649,BAY700,SWM,CMON,MDDNR,MDDNR,XFG2810,7/13/2017,8:30:00,3.2,,,2.9,BS,D,S1,TDP,,0.0117,MG/L,L01 ,CBL,,,,,38.71252,-76.3168,T3,Harris Creek-Coptank River
20600050506,447592,BAY703,SWM,CMON,MDDNR,MDDNR,XFG2810,8/30/2017,10:15:00,3.5,,,3.2,BS,D,S1,TDP,,0.0209,MG/L,L01 ,CBL,,,,,38.71252,-76.3168,T3,Harris Creek-Coptank River
20600050506,447591,BAY703,SWM,CMON,MDDNR,MDDNR,XFG2810,8/17/2017,9:30:00,3.8,,,3.5,BS,D,S1,TDP,,0.0195,MG/L,L01 ,CBL,,,,,38.71252,-76.3168,T3,Harris Creek-Coptank River
20600050506,447538,BAY699,SWM,CMON,MDDNR,MDDNR,XFG2810,6/22/2017,8:30:00,3,,,2.7,BS,D,S1,TDP,,0.0222,MG/L,L01 ,CBL,,,,,38.71252,-76.3168,T3,Harris Creek-Coptank River
20600050506,447537,BAY698,SWM,CMON,MDDNR,MDDNR,XFG2810,6/1/2017,8:00:00,3.4,,,3.1,BS,D,S1,TDP,,0.0089,MG/L,L01 ,CBL,,,,,38.71252,-76.3168,T3,Harris Creek-Coptank River
20600050506,447488,BAY695,SWM,CMON,MDDNR,MDDNR,XFG2810,4/27/2017,8:15:00,3.3,,,3,BS,D,S1,TDP,,0.0078,MG/L,L01 ,CBL,,,,,38.71252,-76.3168,T3,Harris Creek-Coptank River
20600050506,422186,BAY672,SWM,CMON,MDDNR,MDDNR,XFG6431,5/2/2016,10:15:00,3.3,,,3,BS,D,S1,TDP,,0.0089,MG/L,L01 ,CBL,,,,,38.77315,-76.2823,T3,Harris Creek-Coptank River
20600050506,421926,BAY677,SWM,CMON,MDDNR,MDDNR,XFG6431,7/21/2016,9:45:00,3.5,,,3.2,BS,D,S1,TDP,,0.0155,MG/L,L01 ,CBL,,,,,38.77315,-76.2823,T3,Harris Creek-Coptank River
20600050506,421925,BAY676,SWM,CMON,MDDNR,MDDNR,XFG6431,7/11/2016,11:00:00,3.3,,,3,BS,D,S1,TDP,,0.0143,MG/L,L01 ,CBL,,,,,38.77315,-76.2823,T3,Harris Creek-Coptank River
20600050506,420660,BAY671,SWM,CMON,MDDNR,MDDNR,XFG6431,4/19/2016,10:15:00,3.3,,,3,BS,D,S1,TDP,,0.0099,MG/L,L01 ,CBL,,,,,38.77315,-76.2823,T3,Harris Creek-Coptank River
20600050506,420638,BAY668,SWM,CMON,MDDNR,MDDNR,XFG6431,3/1/2016,10:45:00,3.5,,,3.2,BS,D,S1,TDP,,0.0103,MG/L,L01 ,CBL,,,,,38.77315,-76.2823,T3,Harris Creek-Coptank River
20600050506,420622,BAY664,SWM,CMON,MDDNR,MDDNR,XFG6431,1/7/2016,9:15:00,2.8,,,2.5,BS,D,S1,TDP,,0.0134,MG/L,L01 ,CBL,,,,,38.77315,-76.2823,T3,Harris Creek-Coptank River
20600050506,414576,BAY662,SWM,CMON,MDDNR,MDDNR,XFG6431,12/1/2015,11:45:00,3,,,2.7,BS,D,S1,TDP,,0.0157,MG/L,L01 ,CBL,,,,,38.77315,-76.2823,T3,Harris Creek-Coptank River
20600050506,414556,BAY660,SWM,CMON,MDDNR,MDDNR,XFG6431,11/2/2015,11:30:00,2.6,,,2.3,BS,D,S1,TDP,,0.0177,MG/L,L01 ,CBL,,,,,38.77315,-76.2823,T3,Harris Creek-Coptank River
20600050506,412531,BAY639,SWM,CMON,MDDNR,MDDNR,XFG6431,12/16/2014,9:15:00,4.1,,,3.8,BS,D,S1,TDP,,0.0115,MG/L,L01 ,CBL,,,,,38.77315,-76.2823,T3,Harris Creek-Coptank River
20600050506,400914,BAY658,SWM,CMON,MDDNR,MDDNR,XFG6431,10/8/2015,11:15:00,3.8,,,3.5,BS,D,S1,TDP,,0.0321,MG/L,L01 ,CBL,,,,,38.77315,-76.2823,T3,Harris Creek-Coptank River
20600050506,400863,BAY657,SWM,CMON,MDDNR,MDDNR,XFG6431,9/22/2015,8:30:00,3.2,,,2.9,BS,D,S1,TDP,,0.0201,MG/L,L01 ,CBL,,,,,38.77315,-76.2823,T3,Harris Creek-Coptank River
20600050506,400862,BAY656,SWM,CMON,MDDNR,MDDNR,XFG6431,9/8/2015,9:30:00,3.5,,,3.2,BS,D,S1,TDP,,0.016,MG/L,L01 ,CBL,,,,,38.77315,-76.2823,T3,Harris Creek-Coptank River
20600050506,400800,BAY655,SWM,CMON,MDDNR,MDDNR,XFG6431,8/24/2015,9:00:00,3.2,,,2.9,BS,D,S1,TDP,,0.0206,MG/L,L01 ,CBL,,,,,38.77315,-76.2823,T3,Harris Creek-Coptank River
20600050506,400799,BAY654,SWM,CMON,MDDNR,MDDNR,XFG6431,8/10/2015,10:15:00,3.5,,,3.2,BS,D,S1,TDP,,0.0166,MG/L,L01 ,CBL,,,,,38.77315,-76.2823,T3,Harris Creek-Coptank River
20600050506,400752,BAY646,SWM,CMON,MDDNR,MDDNR,XFG6431,4/2/2015,9:30:00,3.1,,,2.8,BS,D,S1,TDP,,0.0088,MG/L,L01 ,CBL,,,,,38.77315,-76.2823,T3,Harris Creek-Coptank River
20600050506,400703,BAY653,SWM,CMON,MDDNR,MDDNR,XFG6431,7/27/2015,10:15:00,3.4,,,3.1,BS,D,S1,TDP,,0.0149,MG/L,L01 ,CBL,,,,,38.77315,-76.2823,T3,Harris Creek-Coptank River
20600050506,400702,BAY652,SWM,CMON,MDDNR,MDDNR,XFG6431,7/13/2015,9:15:00,3.6,,,3.3,BS,D,S1,TDP,,0.0147,MG/L,L01 ,CBL,,,,,38.77315,-76.2823,T3,Harris Creek-Coptank River
20600050506,400649,BAY651,SWM,CMON,MDDNR,MDDNR,XFG6431,6/25/2015,9:30:00,3.6,,,3.3,BS,D,S1,TDP,,0.0126,MG/L,L01 ,CBL,,,,,38.77315,-76.2823,T3,Harris Creek-Coptank River
20600050506,400648,BAY650,SWM,CMON,MDDNR,MDDNR,XFG6431,6/9/2015,8:15:00,3.7,,,3.4,BS,D,S1,TDP,,0.0113,MG/L,L01 ,CBL,,,,,38.77315,-76.2823,T3,Harris Creek-Coptank River
20600050506,400597,BAY649,SWM,CMON,MDDNR,MDDNR,XFG6431,5/28/2015,10:45:00,3.1,,,2.8,BS,D,S1,TDP,,0.0103,MG/L,L01 ,CBL,,,,,38.77315,-76.2823,T3,Harris Creek-Coptank River
20600050506,400596,BAY648,SWM,CMON,MDDNR,MDDNR,XFG6431,5/14/2015,9:30:00,2.7,,,2.4,BS,D,S1,TDP,,0.0105,MG/L,L01 ,CBL,,,,,38.77315,-76.2823,T3,Harris Creek-Coptank River
20600050506,400595,BAY648,SWM,CMON,MDDNR,MDDNR,XFG6431,5/5/2015,8:30:00,3.7,,,3.4,BS,D,S1,TDP,,0.0078,MG/L,L01 ,CBL,,,,,38.77315,-76.2823,T3,Harris Creek-Coptank River
20600050506,400504,BAY636,SWM,CMON,MDDNR,MDDNR,XFG6431,11/13/2014,10:00:00,3.1,,,2.8,BS,D,S1,TDP,,0.0114,MG/L,L01 ,CBL,,,,,38.77315,-76.2823,T3,Harris Creek-Coptank River
20600050506,400461,BAY635,SWM,CMON,MDDNR,MDDNR,XFG6431,10/30/2014,8:45:00,3.8,,,3.5,BS,D,S1,TDP,,0.0141,MG/L,L01 ,CBL,,,,,38.77315,-76.2823,T3,Harris Creek-Coptank River
20600050506,447487,BAY694,SWM,CMON,MDDNR,MDDNR,XFG2810,4/4/2017,7:15:00,3.4,,,3.1,BS,D,S1,TDP,,0.0085,MG/L,L01 ,CBL,,,,,38.71252,-76.3168,T3,Harris Creek-Coptank River
20600050506,447466,BAY692,SWM,CMON,MDDNR,MDDNR,XFG2810,3/8/2017,10:45:00,3.5,,,3.2,BS,D,S1,TDP,,0.0057,MG/L,L01 ,CBL,,,,,38.71252,-76.3168,T3,Harris Creek-Coptank River
20600050506,427161,BAY680,SWM,CMON,MDDNR,MDDNR,XFG2810,9/6/2016,8:30:00,3.8,,,3.5,BS,D,S1,TDP,,0.0429,MG/L,L01 ,CBL,,,,,38.71252,-76.3168,T3,Harris Creek-Coptank River
20600050506,425849,BAY683,SWM,CMON,MDDNR,MDDNR,XFG2810,10/25/2016,9:15:00,3.1,,,2.8,BS,D,S1,TDP,,0.021,MG/L,L01 ,CBL,,,,,38.71252,-76.3168,T3,Harris Creek-Coptank River
20600050506,425848,BAY682,SWM,CMON,MDDNR,MDDNR,XFG2810,10/3/2016,8:30:00,3.8,,,3.5,BS,D,S1,TDP,,0.0447,MG/L,L01 ,CBL,,,,,38.71252,-76.3168,T3,Harris Creek-Coptank River
20600050506,425823,BAY685,SWM,CMON,MDDNR,MDDNR,XFG2810,11/15/2016,10:00:00,3,,,2.7,BS,D,S1,TDP,,0.0184,MG/L,L01 ,CBL,,,,,38.71252,-76.3168,T3,Harris Creek-Coptank River
20600050506,425808,BAY686,SWM,CMON,MDDNR,MDDNR,XFG2810,12/8/2016,9:00:00,3.8,,,3.5,BS,D,S1,TDP,,0.0134,MG/L,L01 ,CBL,,,,,38.71252,-76.3168,T3,Harris Creek-Coptank River
20600050506,425765,BAY679,SWM,CMON,MDDNR,MDDNR,XFG2810,8/23/2016,8:00:00,4.3,,,4,BS,D,S1,TDP,,0.0261,MG/L,L01 ,CBL,,,,,38.71252,-76.3168,T3,Harris Creek-Coptank River
20600050506,425764,BAY678,SWM,CMON,MDDNR,MDDNR,XFG2810,8/11/2016,8:45:00,3.4,,,3.1,BS,D,S1,TDP,,0.0359,MG/L,L01 ,CBL,,,,,38.71252,-76.3168,T3,Harris Creek-Coptank River
20600050506,422239,BAY675,SWM,CMON,MDDNR,MDDNR,XFG2810,6/28/2016,9:45:00,3.6,,,3.3,BS,D,S1,TDP,,0.0082,MG/L,L01 ,CBL,,,,,38.71252,-76.3168,T3,Harris Creek-Coptank River
20600050506,422238,BAY674,SWM,CMON,MDDNR,MDDNR,XFG2810,6/14/2016,9:45:00,3.2,,,2.9,BS,D,S1,TDP,,0.0088,MG/L,L01 ,CBL,,,,,38.71252,-76.3168,T3,Harris Creek-Coptank River
20600050506,422182,BAY673,SWM,CMON,MDDNR,MDDNR,XFG2810,5/31/2016,8:15:00,3.1,,,2.8,BS,D,S1,TDP,,0.0085,MG/L,L01 ,CBL,,,,,38.71252,-76.3168,T3,Harris Creek-Coptank River
20600050506,422181,BAY673,SWM,CMON,MDDNR,MDDNR,XFG2810,5/16/2016,8:45:00,2.8,,,2.5,BS,D,S1,TDP,,0.0067,MG/L,L01 ,CBL,,,,,38.71252,-76.3168,T3,Harris Creek-Coptank River
20600050506,422180,BAY672,SWM,CMON,MDDNR,MDDNR,XFG2810,5/2/2016,9:00:00,3.1,,,2.8,BS,D,S1,TDP,,0.0102,MG/L,L01 ,CBL,,,,,38.71252,-76.3168,T3,Harris Creek-Coptank River
20600050506,421922,BAY677,SWM,CMON,MDDNR,MDDNR,XFG2810,7/21/2016,8:15:00,3.5,,,3.2,BS,D,S1,TDP,,0.0666,MG/L,L01 ,CBL,,,,,38.71252,-76.3168,T3,Harris Creek-Coptank River
20600050506,421921,BAY676,SWM,CMON,MDDNR,MDDNR,XFG2810,7/11/2016,9:30:00,3.5,,,3.2,BS,D,S1,TDP,,0.0132,MG/L,L01 ,CBL,,,,,38.71252,-76.3168,T3,Harris Creek-Coptank River
20600050506,420658,BAY671,SWM,CMON,MDDNR,MDDNR,XFG2810,4/19/2016,8:45:00,3.1,,,2.8,BS,D,S1,TDP,,0.01,MG/L,L01 ,CBL,,,,,38.71252,-76.3168,T3,Harris Creek-Coptank River
20600050506,420637,BAY668,SWM,CMON,MDDNR,MDDNR,XFG2810,3/1/2016,10:15:00,3.3,,,3,BS,D,S1,TDP,,0.0093,MG/L,L01 ,CBL,,,,,38.71252,-76.3168,T3,Harris Creek-Coptank River
20600050506,420621,BAY664,SWM,CMON,MDDNR,MDDNR,XFG2810,1/7/2016,10:00:00,3,,,2.7,BS,D,S1,TDP,,0.0161,MG/L,L01 ,CBL,,,,,38.71252,-76.3168,T3,Harris Creek-Coptank River
20600050506,414575,BAY662,SWM,CMON,MDDNR,MDDNR,XFG2810,12/1/2015,11:00:00,3,,,2.7,BS,D,S1,TDP,,0.0204,MG/L,L01 ,CBL,,,,,38.71252,-76.3168,T3,Harris Creek-Coptank River
20600050506,414555,BAY660,SWM,CMON,MDDNR,MDDNR,XFG2810,11/2/2015,10:30:00,2.9,,,2.6,BS,D,S1,TDP,,0.0282,MG/L,L01 ,CBL,,,,,38.71252,-76.3168,T3,Harris Creek-Coptank River
20600050506,412529,BAY639,SWM,CMON,MDDNR,MDDNR,XFG2810,12/16/2014,11:00:00,3.7,,,3.4,BS,D,S1,TDP,,0.0101,MG/L,L01 ,CBL,,,,,38.71252,-76.3168,T3,Harris Creek-Coptank River
20600050506,400913,BAY658,SWM,CMON,MDDNR,MDDNR,XFG2810,10/8/2015,10:30:00,3.8,,,3.5,BS,D,S1,TDP,,0.0426,MG/L,L01 ,CBL,,,,,38.71252,-76.3168,T3,Harris Creek-Coptank River
20600050506,400859,BAY657,SWM,CMON,MDDNR,MDDNR,XFG2810,9/22/2015,8:00:00,3.9,,,3.6,BS,D,S1,TDP,,0.0222,MG/L,L01 ,CBL,,,,,38.71252,-76.3168,T3,Harris Creek-Coptank River
20600050506,400858,BAY656,SWM,CMON,MDDNR,MDDNR,XFG2810,9/8/2015,8:45:00,3.5,,,3.2,BS,D,S1,TDP,,0.0303,MG/L,L01 ,CBL,,,,,38.71252,-76.3168,T3,Harris Creek-Coptank River
20600050506,400796,BAY655,SWM,CMON,MDDNR,MDDNR,XFG2810,8/24/2015,8:15:00,3.2,,,2.9,BS,D,S1,TDP,,0.0311,MG/L,L01 ,CBL,,,,,38.71252,-76.3168,T3,Harris Creek-Coptank River
20600050506,400795,BAY654,SWM,CMON,MDDNR,MDDNR,XFG2810,8/10/2015,9:30:00,3.5,,,3.2,BS,D,S1,TDP,,0.0187,MG/L,L01 ,CBL,,,,,38.71252,-76.3168,T3,Harris Creek-Coptank River
20600050506,400749,BAY647,SWM,CMON,MDDNR,MDDNR,XFG2810,4/23/2015,9:45:00,3.2,,,2.9,BS,D,S1,TDP,,0.0094,MG/L,L01 ,CBL,,,,,38.71252,-76.3168,T3,Harris Creek-Coptank River
20600050506,400748,BAY646,SWM,CMON,MDDNR,MDDNR,XFG2810,4/2/2015,8:00:00,3.2,,,2.9,BS,D,S1,TDP,,0.0072,MG/L,L01 ,CBL,,,,,38.71252,-76.3168,T3,Harris Creek-Coptank River
20600050506,400699,BAY653,SWM,CMON,MDDNR,MDDNR,XFG2810,7/27/2015,9:30:00,3.8,,,3.5,BS,D,S1,TDP,,0.0145,MG/L,L01 ,CBL,,,,,38.71252,-76.3168,T3,Harris Creek-Coptank River
20600050506,400698,BAY652,SWM,CMON,MDDNR,MDDNR,XFG2810,7/13/2015,8:30:00,3.2,,,2.9,BS,D,S1,TDP,,0.0107,MG/L,L01 ,CBL,,,,,38.71252,-76.3168,T3,Harris Creek-Coptank River
20600050506,400645,BAY651,SWM,CMON,MDDNR,MDDNR,XFG2810,6/25/2015,9:00:00,3.4,,,3.1,BS,D,S1,TDP,,0.0083,MG/L,L01 ,CBL,,,,,38.71252,-76.3168,T3,Harris Creek-Coptank River
20600050506,400644,BAY650,SWM,CMON,MDDNR,MDDNR,XFG2810,6/9/2015,9:30:00,3.4,,,3.1,BS,D,S1,TDP,,0.0088,MG/L,L01 ,CBL,,,,,38.71252,-76.3168,T3,Harris Creek-Coptank River
20600050506,400592,BAY649,SWM,CMON,MDDNR,MDDNR,XFG2810,5/28/2015,8:00:00,2.9,,,2.6,BS,D,S1,TDP,,0.0069,MG/L,L01 ,CBL,,,,,38.71252,-76.3168,T3,Harris Creek-Coptank River
20600050506,400591,BAY648,SWM,CMON,MDDNR,MDDNR,XFG2810,5/14/2015,10:15:00,3,,,2.7,BS,D,S1,TDP,,0.01,MG/L,L01 ,CBL,,,,,38.71252,-76.3168,T3,Harris Creek-Coptank River
20600050506,400502,BAY636,SWM,CMON,MDDNR,MDDNR,XFG2810,11/13/2014,9:30:00,3.1,,,2.8,BS,D,S1,TDP,,0.0078,MG/L,L01 ,CBL,,,,,38.71252,-76.3168,T3,Harris Creek-Coptank River
20600050506,400457,BAY635,SWM,CMON,MDDNR,MDDNR,XFG2810,10/30/2014,11:15:00,3.2,,,2.9,BS,D,S1,TDP,,0.0141,MG/L,L01 ,CBL,,,,,38.71252,-76.3168,T3,Harris Creek-Coptank River
20600050506,412530,BAY639,SWM,CMON,MDDNR,MDDNR,XFG4618,12/16/2014,9:45:00,2.7,,,1,S ,D,S1,TDP,,,MG/L,L01 ,CBL,RR,,,,38.74323,-76.30338,T3,Harris Creek-Coptank River
20600050506,412530,BAY639,SWM,CMON,MDDNR,MDDNR,XFG4618,12/16/2014,9:45:00,2.7,,,2,B ,D,S1,TDP,,,MG/L,L01 ,CBL,RR,,,,38.74323,-76.30338,T3,Harris Creek-Coptank River
20600050506,400503,BAY636,SWM,CMON,MDDNR,MDDNR,XFG4618,11/13/2014,10:45:00,2.6,,,1,S ,D,S1,TDP,,,MG/L,L01 ,CBL,RR,,,,38.74323,-76.30338,T3,Harris Creek-Coptank River
20600050506,400503,BAY636,SWM,CMON,MDDNR,MDDNR,XFG4618,11/13/2014,10:45:00,2.6,,,2,B ,D,S1,TDP,,,MG/L,L01 ,CBL,RR,,,,38.74323,-76.30338,T3,Harris Creek-Coptank River
20600050506,400459,BAY635,SWM,CMON,MDDNR,MDDNR,XFG4618,10/30/2014,9:25:00,2.8,,,1,S ,D,S1,TDP,,,MG/L,L01 ,CBL,RR,,,,38.74323,-76.30338,T3,Harris Creek-Coptank River
20600050506,400459,BAY635,SWM,CMON,MDDNR,MDDNR,XFG4618,10/30/2014,9:25:00,2.8,,,2,B ,D,S1,TDP,,,MG/L,L01 ,CBL,RR,,,,38.74323,-76.30338,T3,Harris Creek-Coptank River
,,,,,,,,,,,,,,,,,,,,,,,,,,,,,,
Total_Records: 348,,,,,,,,,,,,,,,,,,,,,,,,,,,,,,
